,Kezdoallas,Lepesszam,Sikeres,Futasido (s)
0,[ 3  6  2 10 11 12  5 15 14 13  1  8  9  7  4  0],200,True,0.002
1,[ 5  4  6  7 12  2 11  9 10 13  3 14 15  1  8  0],254,True,0.002
2,[ 6  7 13  1 10 12  5  0 15  9  2 14  8 11  4  3],308,True,0.003
3,[ 7 12  1  5  9  4  2 14  8  0 11  6 10  3 13 15],307,True,0.003
4,[ 0 14  9 13 11 10  2  7 12 15  5  4  1  3  8  6],296,True,0.003
5,[ 7  3  2 12 11 15  6  4  9  1 14  0 10  8  5 13],285,True,0.003
6,[12  1 11  3  7  5  9  6  8 14 15 10  0 13  4  2],281,True,0.003
7,[11  0  5  6  7  8  4 12  2  9 13 10  3 15  1 14],275,True,0.003
8,[11 12  4 10  0 14  3  7  6 15  8  1  2  5  9 13],303,True,0.003
9,[ 8  7 11 15  5  2  3 14  1 12 10  0 13  9  4  6],253,True,0.003
10,[ 1 15  4 12  0 11  8  3 10  5 13  9  7  2 14  6],289,True,0.003
11,[ 1  7  3  8  5  2  6  0 12 11  9 10  4 15 13 14],252,True,0.002
12,[10 13  7  2 11  4  9  5  1 15  6  8  3  0 12 14],244,True,0.002
13,[15  8  4  1  9 14  0 11  6 13  3  7 12  2 10  5],317,True,0.003
14,[10  7  8  3 12  4  6 14  5 15  1  9 13  0 11  2],304,True,0.003
15,[ 6  1 14  0 10  3 11  4  2 13 15 12  8  7  9  5],279,True,0.003
16,[ 9  1 15  3  6  2 14 11  8 12  0 10  5  4 13  7],254,True,0.003
17,[ 2  4  1  3 14 13 12  0 11  9 15  8  6  5  7 10],148,True,0.002
18,[ 3 10 12  9  6  7 11 13 14  5  1  0  8  2 15  4],337,True,0.004
19,[ 8  1  9  2  7 15 13  0  3  5  4 14 10  6 12 11],280,True,0.003
20,[ 1 15  9 10  2  0 14  4  5  7 13  6 12  3 11  8],338,True,0.004
21,[ 0  2  5 12  4  9 10 14  8  3 11  1  7 13 15  6],292,True,0.003
22,[ 9  5  1  6 13  8 11 15 12 10  7  0  4 14  2  3],343,True,0.003
23,[15  8  0  7  1  3 13  5 12 10  6  4  2 11 14  9],284,True,0.003
24,[15  7 14 13  8  9  2  4  0 11 10 12  3  6  5  1],292,True,0.003
25,[ 2  5  3 13 14  1 10  8  7 11  0 12  9  6 15  4],228,True,0.002
26,[ 0 11  3 15 13 14  2  8  4  5  7  9  1 10  6 12],274,True,0.002
27,[ 2 10  8  9  1 15  4 13 11 14  7  3  5 12  6  0],230,True,0.003
28,[ 1  3  2  9 13 15  4  6 12  0 10 11  5  7  8 14],275,True,0.002
29,[ 9  6  0 12  2 14  8  4 13 11 10  7  3  5  1 15],284,True,0.003
30,[ 8  9  5 11  3 14  1  4 13  0 12  7  6 15 10  2],307,True,0.003
31,[ 5  3  0  7 14  1  2 15  6  4 13 10  9 11 12  8],318,True,0.003
32,[ 0  1  3  6  9 11  5  7 14  8  2 15 13 10  4 12],332,True,0.003
33,[ 1 12 15 10  9  4 13 14  0  5 11  8  3  6  7  2],326,True,0.004
34,[11  8  7  6 13  4 10  1  3  2 14  5 12 15  9  0],274,True,0.002
35,[14 10  9 12  6  4  8  2  5 15  3 13  7 11  0  1],295,True,0.003
36,[13  1  9  0 12  4  3  5  7 14  2 11 10  6 15  8],287,True,0.003
37,[ 6 12 13  2 14  0  1  7 11  9 15  8  3 10  4  5],262,True,0.002
38,[ 6  0 15  1  8  7  4  3 13  9 12 11  2  5 10 14],309,True,0.003
39,[15  4 14 12  5  9  8  1  6 11  2 10  3  0 13  7],244,True,0.002
40,[ 4 15 13  0  5  7  3  9 10  6  2 11  8 12  1 14],261,True,0.003
41,[ 8  3  7  2 14  6  5  0  9 10 11  1 13 15 12  4],248,True,0.002
42,[ 9  8  7 13  0  4 11  1 10 14 12  6  3 15  2  5],295,True,0.003
43,[14  4  2 12  0  9  6 11 15  5  7 13  1  3  8 10],227,True,0.002
44,[ 4  3 11  7  2  0 13 10 14  6 12  5  1  9  8 15],208,True,0.002
45,[15  3  1  9  0 13  5 14 10 11  8  4  6  7  2 12],337,True,0.003
46,[ 4  2  5 12  6 14  1 15  3  0  7  8  9 13 10 11],333,True,0.003
47,[ 4  6  0 14  7 10 13  1  9 11  8  5 15 12  3  2],270,True,0.003
48,[15  2  8  5 13  0 11 12  1  3  6  4 10  9 14  7],264,True,0.002
49,[14  3  7  1 12  5 11  9  2 13 10  6 15  0  4  8],286,True,0.003
50,[ 6 14  2  4 10 12  1  8  9 11 15 13  5  3  0  7],241,True,0.002
51,[ 2  9 11 14  4 15  1  8  5  7  6 12  3 13 10  0],270,True,0.003
52,[ 6  0 13 14 15  7 12  4  9  2  5  8  3 10  1 11],269,True,0.003
53,[15 13  8  2  0  6 11  1  9  3 14 10  5  4  7 12],313,True,0.003
54,[15 11  1 13 14  6  0 10  9  3 12  7  8  4  2  5],329,True,0.003
55,[14  7  8  2  0  3  1  6 15 12  4  5 10 13  9 11],319,True,0.002
56,[ 5 15  8  7  3  4 14  9 13  0  2 11  1 12  6 10],289,True,0.003
57,[ 5  4  2  8 14  3  6  0  1 11  7  9 10 12 13 15],284,True,0.004
58,[15  8 10  2  6  3 11  4 14  9  5  1 13  0 12  7],304,True,0.003
59,[ 9  3  7 10  6  1  2 13 12  8 15  4  5  0 11 14],232,True,0.002
60,[ 0  6 11  8  9  1 12  3 10  7 14 13  2  5 15  4],340,True,0.003
61,[ 4 13  2  9  3 12  6  1 10  0  5 15 11 14  8  7],329,True,0.003
62,[ 2  5  6  9  1 13 15  8 10  7 14 11  3  0 12  4],252,True,0.002
63,[ 1 12 11 15  8 10  3  9  4  0  2  5  7 14  6 13],331,True,0.003
64,[15  4  5  7  1 12  2 10 14  9  3 11  0 13  6  8],245,True,0.002
65,[ 2  0 11 13  7  6  8  9  5  4 10 12 15 14  1  3],255,True,0.003
66,[ 2  0 12 11  1  5 15  9  8  7 10 14  4  6 13  3],267,True,0.003
67,[12 10 15  1  9  7 11  4  0  8  2  5 13 14  3  6],294,True,0.002
68,[12 11  6  8  2 14  4  5  9  0  1  7 10 15 13  3],261,True,0.003
69,[ 2  7  5  0  9  8 13 12  6 11  1  3 14 10  4 15],239,True,0.002
70,[ 6  0  3  1 12  4 14  2 10  9  8 13  7  5 11 15],295,True,0.002
71,[14  3 13 12  7 11  4  8  9  5 10  6  0  1  2 15],271,True,0.003
72,[ 5  3  0 10 11  4  7 12  2  6  8 15  9  1 14 13],260,True,0.002
73,[11  9  0 14 10  2  8  3  1 15  4  5  6  7 12 13],224,True,0.002
74,[ 4  3  0  5 11 13 12  1 15  8  7 14 10  9  6  2],324,True,0.003
75,[ 3  0 11  2 10  4  9  1  5  7 13  8 14  6 15 12],303,True,0.003
76,[ 4  2  1  7  9 11 13 15 12 14 10  0  3  5  6  8],309,True,0.003
77,[ 5 11  2 12  1  7  6 15 13 14  0  3  8  4  9 10],270,True,0.003
78,[14  1 12  7  5  9  4  2  0  3  6 15 10 11 13  8],364,True,0.003
79,[ 9  8 10  7  5  1  0 15  2 13 11  6 14 12  4  3],299,True,0.003
80,[ 5  0 10  9  2 12  7  8 15  4  6 11  3  1 13 14],265,True,0.002
81,[ 0  3  2  1  4 12  6  8 11  5 14 13  7  9 15 10],220,True,0.002
82,[ 6  3  4 15  9  2 13 14 10  5  7 11  1  0  8 12],242,True,0.003
83,[ 9  8  6 12  7  2 13 14 11  5 15  4  0 10  1  3],269,True,0.003
84,[13  0  3  5 15  1 10  2  8 12  4 11  6 14  7  9],249,True,0.002
85,[ 7  2 11  5 10 15  4 13  8 14  1 12  0  6  9  3],279,True,0.003
86,[ 7  8  1 13  9 10  0  6  5 12  3  4 14 15  2 11],277,True,0.002
87,[ 3  4 14  6  8  5  2  7 10 13 15  9  1 12 11  0],222,True,0.002
88,[ 8 12 14  4  1 15  3 10  2 13  0  7  6 11  9  5],258,True,0.003
89,[10  0  3 14 15  1  7  8  4  2  5 11 12 13  9  6],277,True,0.003
90,[ 5 14  7  9  6 12  0  3  8  4 11 13 15  1  2 10],323,True,0.003
91,[10 12  1  8  7  9  4  3 13 11  5  0 15  6 14  2],319,True,0.003
92,[ 1 12 15  2 11  4  8  0  7  9  6  5 13  3 10 14],292,True,0.003
93,[ 3 12  1 15 10  8  5 11  7 13  6 14  9  2  0  4],283,True,0.003
94,[ 4  1  9  3 14 10  8  7  0 13  6  5 15  2 12 11],300,True,0.003
95,[ 3 14  6 13  8  9  0  2  5 15 12 10 11  1  4  7],295,True,0.002
96,[ 3 12 15 11  9  0 14  5  2  7  1  8  6  4 13 10],258,True,0.003
97,[10 12  2  1  4  9  0 14 11  7  8 15  5  3 13  6],335,True,0.003
98,[ 0 11  5 12 10 15  6  3  7 14  2 13  9  1  8  4],280,True,0.004
99,[ 8 15  6 11  9  0  3  5  4 13 12  1 14 10  2  7],342,True,0.003
100,[11  0  1  7  8 12 10  9  2  6 13  3  5 15  4 14],281,True,0.002
101,[10 11  8 12  1  0  2 14  6 13 15  7  4  9  5  3],294,True,0.003
102,[ 3  7  6 14 10  0 11  2  4  9 13  5  1 12  8 15],292,True,0.002
103,[ 3 11  0  8  4 15  1 13  6 10 14  5  9  7  2 12],256,True,0.002
104,[ 8  4 13 10 12  6  2  0  5  3 15 14 11  7  1  9],268,True,0.002
105,[ 1  9 11  3 15  4  2  6 14  7 10 12  8  5 13  0],312,True,0.003
106,[13  7  1  2  6  8 10 11 12  0 15  5  4 14  9  3],279,True,0.003
107,[13 12  0  9  6  1  3  4  8 14 15 10  7  2 11  5],268,True,0.002
108,[ 4 15 14  8 10 12  0 13  5  7  2 11  6  1  9  3],231,True,0.002
109,[ 5  1  2  6 11  4  3 12  8 15 10 13  0  9  7 14],291,True,0.003
110,[ 9  4  8  2  3  1 11  6 14  7 15 13  5 12  0 10],287,True,0.003
111,[ 1  8  3  6 11  4 13 15 12  2  7  9 14  0 10  5],246,True,0.002
112,[15  6  7 11  1 14  8 10  0  3  4 13  9 12  5  2],280,True,0.003
113,[12 14  2  1  4  3  7 15 13  5  6  8 11  9  0 10],297,True,0.002
114,[ 2  0 13  3 12  7 15  5  4 10 14  1 11  9  8  6],251,True,0.003
115,[13  0  1  8  7  9 10 15  3  2 11  6 14  5  4 12],307,True,0.002
116,[ 2  7 13 14 11  5 12  0  9  4 15  6 10  1  8  3],272,True,0.002
117,[10 14  9  7 12 11 13  3  5  1 15  6  0  8  2  4],273,True,0.002
118,[ 2 11  7  8 15 14 13  6  3  0  9  4 12  5 10  1],247,True,0.003
119,[ 0 14 11  2  1 13  9 10  5  3 12 15  7  4  6  8],316,True,0.003
120,[ 5 15 10  0 12  9  6  1  3 14 11 13  7  2  8  4],311,True,0.003
121,[15  4 14  3  5  0  7  9 10 12 13  6  2  8  1 11],282,True,0.003
122,[ 8  4  5 13 15 11  1 12  0 10 14  9  7  6  3  2],280,True,0.002
123,[ 7 14 15 13  1 11  6  0  5  9 12  3  8  4 10  2],300,True,0.003
124,[10  3 13  0 12 14  1  9  4  7  6  8 11  2  5 15],279,True,0.002
125,[12 13  6 10 15  5  1  7  8  0  2 14 11  4  3  9],297,True,0.003
126,[15 10  9 11  4 13  5 12 14  1  2  7  3  0  8  6],272,True,0.002
127,[14 13 10 11  7  0  6  9  3 15  1  2  4 12  5  8],274,True,0.002
128,[ 3  1  6  2 14  9 10  7 13 15  4  5  0  8 11 12],305,True,0.003
129,[ 5 13 11  2 12  6  3  1  8  9  0 10 14 15  4  7],306,True,0.003
130,[14 15  0 12  7  1  5  2 10  6  4  3  9 11 13  8],248,True,0.002
131,[15  7 10 11 13  6  5  8  1 12  3  9  0  2 14  4],313,True,0.003
132,[11 14  9  6  7  5 13  0 12  8  4 10 15  1  2  3],296,True,0.004
133,[11 10  7 12  2  3  5  9  8 14  1  6  0 13  4 15],265,True,0.003
134,[ 1  3  5 12  7  2 10  6 15 13  4 14  8  9  0 11],243,True,0.002
135,[ 9  6 10 11  4  0  2  5  7 13 14 12  8  3 15  1],294,True,0.002
136,[ 5  0  2 15  6  8 13  4 11 14  9 12  3  1  7 10],261,True,0.002
137,[ 6 13 10 14  7  1  9  8  0 12  2  3  4 15  5 11],312,True,0.003
138,[ 9 14 11 10  6  2  0 15  4 13  3 12  7  1  5  8],279,True,0.002
139,[ 7 14  5  6  4  2  3 10 13  8  0  1  9 11 15 12],250,True,0.002
140,[11  6 12  5  3 14  8  0  9  2  7  1 13 10  4 15],270,True,0.002
141,[ 2  6  7  1  0  4 10 15 13  9 11  3  8 14 12  5],257,True,0.002
142,[11  8  9 10  2 14  7  5  1  0 12  6 13  4 15  3],217,True,0.002
143,[ 9  3  6  1  8  7  0 11  4 14  2 10  5 13 15 12],295,True,0.003
144,[ 4  3  0  7 12  9 10  8 14  2  6 11 13  5  1 15],296,True,0.004
145,[ 4  8  1  5 11  6 12 15  7  0 10  3 13 14  2  9],279,True,0.003
146,[12  5  2 11  0  3  8 13  4 14  7 10  6 15  9  1],263,True,0.002
147,[11  7  0 13  3 14 10  1  2  9 15  4 12  8  6  5],262,True,0.002
148,[ 4  2 12  3  8  6 14  1  0 13 15  7 10  9  5 11],314,True,0.003
149,[ 9  7 15 11  2  5  6  1 10  8 13 12  4  3 14  0],254,True,0.002
150,[13 12  5 14  3  6  8 10  0  4 15  2  9  1  7 11],282,True,0.002
151,[15  6  3  8  7 10 12  2  4  0  5 14 11  1 13  9],257,True,0.003
152,[ 7  5 12 10  4 15  9  6 13 14  3  8 11  1  0  2],321,True,0.003
153,[15  7  8  5  0  3 14  2 12  9  1 13  4 11 10  6],309,True,0.003
154,[ 1  5 14  9 12  4  0  6  2  3 15  8 10 13 11  7],315,True,0.003
155,[10  6  7 12 15  4  3  0 11  2  8 14  9 13  1  5],212,True,0.002
156,[15 11  9 14 12  8 10 13  7  0  5  1  6  2  4  3],295,True,0.003
157,[13 12  7 10  4  9  3  1  2  6  8  5 15 11 14  0],270,True,0.002
158,[ 6  8 14  3 13 15  4  5  7 12 11 10  2  0  9  1],258,True,0.002
159,[12 10  1  4 15 13  8  6 14  5  7 11  0  9  3  2],273,True,0.002
160,[12 10  2  8  6  5 14  0 13 15  1  4  3  9 11  7],244,True,0.002
161,[ 6 13 12 11  9  0 14  3 10  5  8  4  7 15  2  1],304,True,0.00301
162,[15  0  5  1  8  4 10  2  3 11  7 12 13  6 14  9],275,True,0.003
163,[11 14  6  9  5  2  3  0 13  7 12  8 10  4 15  1],258,True,0.002
164,[ 9  2 15 11 14  0 10  7  1  4 13  8  6 12  3  5],236,True,0.003
165,[ 6  7 10  9  1  5  3  8 13 14 11  0  2 15  4 12],313,True,0.003
166,[ 1  5  4  8  0  9  3 13  7 15  6 11 12 10  2 14],269,True,0.002
167,[ 2  8  5 14  4 10 15  9  7 13  6 11  3  0  1 12],248,True,0.002
168,[ 6 11 13  1  3  9  5  4  7  8 10 14 15  2 12  0],300,True,0.003
169,[12  6  4 14 10  8  7  2  1 15  5  3 11 13  0  9],261,True,0.002
170,[ 4  7  9 11 13 12  6 15  1 14  2  3  0 10  5  8],237,True,0.002
171,[ 4  9  3 15  7 12  0 14  5  8  6  2 11 10 13  1],273,True,0.003
172,[10 13 14  3  8  9  5  6 12 15  0  7  4  2  1 11],300,True,0.003
173,[ 2  6  4  9 12 10 15  7  8 11 13  3  5  0  1 14],216,True,0.002
174,[ 0  3  6 13  8  2  5  9 12  4  7  1 10 15 14 11],308,True,0.003
175,[ 2  4  1  7  8 14  3 11  6  9 12 15  5 10 13  0],242,True,0.002
176,[ 5  8  1 10  7  6  9  2 11  4  0 12 14  3 15 13],298,True,0.002
177,[ 2  6 14 15  4  0  1  5  7 12  3 11  8 13 10  9],288,True,0.003
178,[ 4 12 13 15  2  3  1 11 14  5  7  0  6  9 10  8],229,True,0.002
179,[ 0  5 11 12 14  2  7  9 13  6  4 10  8  1 15  3],272,True,0.002
180,[ 0 13  1 14  8  5 10 15  2  7 11  9  3  6  4 12],248,True,0.002
181,[ 6  8  7 13  4 12 15  9 14  0  2  1 10  3 11  5],295,True,0.003
182,[ 9  2  0 14 10 12 11  8  4  6  5 13  3  1  7 15],260,True,0.002
183,[ 5 14  7 13 12  4  3  0  6  9  1  8  2 10 15 11],288,True,0.00301
184,[10  5 13  6 12  4 11 15  3 14  2  1  8  7  9  0],290,True,0.002
185,[11  9 15  7 13 10  1  2  8  0  3  5  4 12 14  6],301,True,0.003
186,[ 1  5 12 15  0 10  9  8 11 13  6  2 14  4  3  7],347,True,0.005
187,[ 0 13 12 11 15 10  2  1  7  4 14  6  8  3  9  5],342,True,0.003
188,[ 4 13 14  9 10  8  5  2  7 12  3 11  1 15  6  0],298,True,0.003
189,[ 0  1  8  4 10 11  9  3 14  5  7 12  2 15  6 13],294,True,0.002
190,[ 8  4 12 13  5  2  1  0  6 10 15 11 14  9  7  3],266,True,0.002
191,[13  7  8  9  6 14  5  4 15  1 12 11  0 10  3  2],275,True,0.004
192,[ 3 11  0 13  6  8  9 14  5  2 15 12  7  1  4 10],254,True,0.002
193,[ 5  2 10 14  6  1  3 13  4  0  9  8 15 12  7 11],291,True,0.003
194,[14  0  1 11 12  2  9 15 10  4  7  6  5 13  8  3],287,True,0.003
195,[ 0  4 12  5 10  2  7 13 15 14  1  3  6  8 11  9],274,True,0.003
196,[ 0 10 13  3  6  7 11  5  2 12  4  9 15 14  8  1],272,True,0.003
197,[13 15  2  1  5  0 14 11  7 10  3  8  6 12  9  4],284,True,0.003
198,[ 8 14  5 11 12 15 13  9 10  7  6  0  2  1  4  3],251,True,0.002
199,[ 8  7  1  5  3 13  4  9  0 11 10 12  2  6 15 14],222,True,0.002
200,[15 13 12  5 14  4  8  6 10  0  1  7  3 11  9  2],287,True,0.002
201,[ 3 15 12 10  9  7  4  2 13  0  6  1 11  8 14  5],277,True,0.003
202,[12  9 14 11  2  6  1  3  7  4  0 10  8  5 13 15],248,True,0.002
203,[ 9 12  3  8  0  5 11 15 13  2 14  1  7  4 10  6],245,True,0.002
204,[ 7  5 10 11  0  4  6 14  3 12  9  2  8  1 13 15],241,True,0.002
205,[ 3  8  5  4  0  2  1 12  9  7 15 13 14 11 10  6],235,True,0.002
206,[ 4  2  0  7  9 13 10  1 15 11  6  5  3 12  8 14],280,True,0.003
207,[10  3 13  0  5  6 12  7  9 15 11  2  1  4 14  8],253,True,0.003
208,[14 12  5 15  0  9  2  4  7  8 13  6  1 10 11  3],247,True,0.003
209,[12  1  0 15  4 14  6 10 13  3 11  5  7  2  8  9],334,True,0.003
210,[12 14  5  9  3  8  2  6 10 15  0 13 11  7  1  4],278,True,0.003
211,[ 6  3  0  5 11  2  1  4  7 12  8 10  9 14 13 15],246,True,0.002
212,[ 3  2  8 10 15 13  4  6  7 11 12  1  5  0 14  9],238,True,0.002
213,[11  5  0  4 10  7  6  8  2  9 15  3 13 12 14  1],266,True,0.003
214,[ 7  3 13  8  6  9  2 14  0 12 10  5  4  1 11 15],256,True,0.003
215,[ 8  0 15  5 10  2  7  4 12 13 11  9  1  3  6 14],245,True,0.003
216,[12  4 11  9 10  2 14  3 15  5  8  7  6 13  0  1],221,True,0.002
217,[12  7  8  6  3 11  1 13  4 10 15  9  2 14  5  0],192,True,0.002
218,[ 8 13  4 10  7 11 12  1  9 14  2  3  0  6  5 15],223,True,0.004
219,[15 12 13  3  7  1  5 10  0  8 11  2  6  9  4 14],282,True,0.002
220,[ 1 13 15  5  8  3  2  7 11 12 10 14  0  9  4  6],317,True,0.003
221,[ 6  8  3 11  5 10  2  0 13  1  4  7 12 14  9 15],274,True,0.002
222,[10  0 13  2 11  3  7  6 14  4  9 12  1  5 15  8],241,True,0.002
223,[ 7 14  3  1 12  8  6 10  2  9 11 13 15  5  4  0],304,True,0.003
224,[ 9 12  8 10  5 14  7  3 15  2  4 11  1  0 13  6],322,True,0.003
225,[ 3  7 13  4  2  8 10 14  9  5 11 15  1  0  6 12],220,True,0.002
226,[ 9  2  5  3 12 15 13 14 11  6 10  4  7  8  1  0],258,True,0.003
227,[10  4 14  0  8 11 15  1  2  3  9 12  6 13  7  5],329,True,0.003
228,[11 14 10  7  4 12  0 15  1 13  5  2  6  3  8  9],263,True,0.002
229,[12  9  1  0 15  5 10  8 14  3  6  4  2  7 11 13],345,True,0.003
230,[11 12  5  9  4  1  8  0 13  7  6 10 14  3 15  2],314,True,0.003
231,[ 7  9  6  0  4 10  3 15 14 12  1 11  5  2 13  8],315,True,0.003
232,[ 8 15  4  3  0  1  7  9 10 11 13  5  2  6 12 14],275,True,0.004
233,[ 1  9 11 15 12  7 13 14  0  5 10  2  6  3  4  8],324,True,0.003
234,[ 2  7 14  1  6 13  3  9 10  8  0 11 15 12  4  5],220,True,0.002
235,[ 2  4 12  1  0 11 14  7  5  6  9  8 15 13  3 10],233,True,0.003
236,[ 8  4 15  1 14  6  2 10  5  9 12 13  3  7  0 11],309,True,0.003
237,[ 1  9  7  2  0  4 11  3  5 14 12  8 15  6 10 13],253,True,0.002
238,[10  3  9  1  4 13  8  5 11 14 15  2  0  7 12  6],273,True,0.002
239,[ 5  0  6  4 10  9  1  3 11 14  7 15 12 13  8  2],333,True,0.003
240,[ 1 14  8 15  2  9  5 12  0 13  4 10  7 11  6  3],302,True,0.003
241,[14  8 13  3  9  1  5  0  4 15  2 10  6  7 11 12],282,True,0.002
242,[ 4  7 10 12  3  9 11  1  5  8  6 13  2 14  0 15],259,True,0.002
243,[ 4  8 13  7  5  9  0 12 10  1 15 14  6  3 11  2],291,True,0.003
244,[ 2  7  1 10 13 15  8  4  6 11 14  3  5  0 12  9],254,True,0.002
245,[ 1  5  9  6 14 13 10 12 15  3  8  4 11  0  7  2],286,True,0.002
246,[14  1  6  2  9 12  7  4 15  0  5 13 10  3 11  8],305,True,0.00301
247,[10  1  5  7 15 13  6  4  3  8  9  0 11 14  2 12],315,True,0.004
248,[10  5  6  9  1  8 13 14  7 15  0 12  3  4  2 11],328,True,0.002
249,[11 14 12  4  3 15  1  9 13  5  8  6  2  7  0 10],277,True,0.003
250,[ 4 11 15  2 14  6  5  0  8  7 12  1 13  9 10  3],240,True,0.002
251,[ 5  1  7  8 12  9  3  0  4 15  6 11 13  2 10 14],334,True,0.003
252,[ 2 15  9  4 13  7  1  8  3 11  6 14  5 10  0 12],251,True,0.00299
253,[14  7  5  9  8  2  1 15 11  3  6 13  0  4 10 12],293,True,0.002
254,[ 8  2 15  0  5  3  6  1 12 14  9 10 13  4 11  7],293,True,0.003
255,[ 2  8  1  3 13 15 12  9 11  6  5  7  0 14  4 10],241,True,0.00299
256,[ 0  2  1 11 15  4  5 10  6 12  9  3  8 14 13  7],292,True,0.003
257,[ 7 10  0  6  5  3 13 11  9  8  4 12 15 14  1  2],300,True,0.002
258,[ 5  3 14  7 13  8 10 12  6  1 15  4  9  2 11  0],284,True,0.003
259,[12 15  4  5  0  8 11  7 14  6 10  3  2  9  1 13],267,True,0.002
260,[13  5 11  3 14  0  8 15  2  7  9 12  1 10  4  6],306,True,0.003
261,[13  4 12 15 10 11  6  2  0  5  7  9 14  1  3  8],286,True,0.003
262,[ 0  2 14 12  6 11  3 10  9  8  7 13 15  4  1  5],292,True,0.003
263,[ 1 15  3 14  8  5  0 13  6  4 10 12 11  2  9  7],219,True,0.002
264,[ 1 11  2 13 10  8  6  4 14  7 12  9  3  5  0 15],213,True,0.002
265,[13  9  6  8 15  4 12  5 11 14  3  1  7  0 10  2],302,True,0.002
266,[12  5  7  6  8  3  2 14 15  9  0  1 10 11  4 13],266,True,0.002
267,[ 1  8  0 13 14  6  3 15 12  5  7  9  4  2 10 11],256,True,0.003
268,[ 1  4  8 10  2  9  6  3 15 14  7 12 11  5  0 13],255,True,0.002
269,[14 12  5  1 15  7  8  4  0 10 11  6  3  2  9 13],268,True,0.003
270,[ 3  4  2  7  8  1  9  0  5  6 10 11 13 14 15 12],174,True,0.001
271,[ 2  9  1  4  5  6 11 13  0 12 14 10  8 15  3  7],292,True,0.003
272,[11  4  0 15  1  8 12  7  2  3  6  5 14 10 13  9],266,True,0.003
273,[ 1 10  4  0 15 13  5  6 12  7  9 14 11  2  8  3],271,True,0.003
274,[ 2 12  3 14 15  4  5  9  6 11 13  7  0 10  1  8],247,True,0.003
275,[ 4 10  3 14  8  1  5  0 12  9 11 15  2  6  7 13],278,True,0.003
276,[ 5  1 12  9  6  2  4  7  3  8  0 11 13 14 10 15],250,True,0.002
277,[ 0  6  4  3  8  1  5 14  7  2 11  9 13 15 10 12],272,True,0.003
278,[ 4 15  9 14  5  6  8 10 12  3 11  0  1  7  2 13],295,True,0.003
279,[ 7 14 12  9 15  8  2  4  3 11  0  6 10  5 13  1],274,True,0.003
280,[11  6  7  2  1 15 10  5  4 14  0 13 12  9  8  3],310,True,0.004
281,[ 3  7  0  8  9  5  6 11 14 13  4 12 10 15  1  2],276,True,0.002
282,[ 0  7 11 15  4  5  2  6  3  8  1 12  9 13 10 14],282,True,0.003
283,[14  8  7 10 13  2  5  4 12  9  6  3 15 11  1  0],312,True,0.003
284,[ 0  3 12  4  8  6 13 14  1 15  7  5 10 11  2  9],242,True,0.002
285,[ 8  9 14  5  3  1 15  4  2  6  0 10 13  7 12 11],268,True,0.002
286,[ 5  4 11  2  0 10 14  3  8 12 13  6  9  7  1 15],285,True,0.003
287,[12 13  6  9  0  7  3  5  1  2 14  4  8 15 10 11],285,True,0.003
288,[ 3  1  7 12 14  0 13 11  8  2  5 15 10  4  6  9],278,True,0.002
289,[ 1 10 12  7 13 15  8  9  0  5  3  2 11  6 14  4],306,True,0.003
290,[ 5  1  6 13  3  4  8 15  7 10  9  0 12  2 11 14],319,True,0.003
291,[15  0  4 10 12  2  3  1 11  5 13  6 14  8  7  9],251,True,0.003
292,[13 12  6 10  3  5  1 14  8  0 15 11  9  2  7  4],257,True,0.003
293,[ 0  1  4  8 14 15 13  9  3  7 10  6 11 12  5  2],288,True,0.002
294,[13  3  1  9  0  6  7 14 10  4 11 12 15  5  2  8],277,True,0.003
295,[ 5  2  9  1  7  8  3 13 11  6 14 15 12  4  0 10],293,True,0.002
296,[10 13 15  1 11  6  9  3 14  7  8  2  5  0  4 12],308,True,0.002
297,[ 2  8 11  4 10  9  0 14  1  5  3 12  6  7 13 15],207,True,0.002
298,[ 3  8  0  9 12  7 15  4  5 13  2  1 11 10  6 14],298,True,0.004
299,[13  2  6  1  5 12  7 15  0 10  8  9 14 11  4  3],236,True,0.004
300,[ 1  9  0 10  2 14 11 12 13  8  6  5  7  4 15  3],320,True,0.004
301,[ 9 15 12  8  1  3  4  2 13  6 10  7 14  0 11  5],200,True,0.002
302,[ 7 13  2  9 15 12  5  6  8  1 14  3 10  4  0 11],287,True,0.004
303,[11 14  9 15 10  5  1  7  3 13  6  4  0 12  2  8],361,True,0.004
304,[ 4 12 10  7 13 14  2 15  1  8  9  3  6 11  0  5],245,True,0.003
305,[14  9 15 13  7  2 11 12  5  0 10  4  8  6  3  1],257,True,0.003
306,[11  8 14  2  0  5  4 13  1  6  7 12  9 10  3 15],327,True,0.003
307,[ 5 11  8 15  3  4 13 14  6 10  2  0  1 12  7  9],257,True,0.003
308,[11  0  3 12  9  5 14 13  6 15 10  1  2  8  7  4],257,True,0.005
309,[ 1  3 10 11  2 14  4 12 13  5  9  7 15  8  6  0],234,True,0.003
310,[ 9 12  6 11  2  3 15  1 10  7 14  0  5  4 13  8],243,True,0.002
311,[ 9  4  3 12  7  0 13  8 11 10  2 15  5  6  1 14],300,True,0.003
312,[ 5 14 12  8  0 11 15  4  9  6  1 13  3  7  2 10],327,True,0.003
313,[10  4  3 12 11 15  2 13  5 14  6  1  8  0  9  7],290,True,0.003
314,[ 1  3  4 15 14 10 12  9  5  0 13  8  6 11  2  7],205,True,0.002
315,[ 8  3 10 12  5  7  4  1 13  9  0  2 11 15 14  6],280,True,0.002
316,[ 5 10 14  4  6  3  0  2  1 12  8 11 15  9 13  7],251,True,0.003
317,[ 8 13  5 15  4 12 10  0  1 14 11  7  6  2  3  9],276,True,0.002
318,[15  4 14  7  5  9 11 10  6  2  1  3 13 12  8  0],252,True,0.003
319,[ 6  4  9  7  1  3  0 10  8 12  2 15 13  5 14 11],245,True,0.002
320,[13  1  3  5 12 15  7  9  6  8 10 11  2 14  0  4],279,True,0.003
321,[10  4  9  0  2 12 15  5  8 11 13  6  1  7  3 14],219,True,0.002
322,[14 11 15  2  4  3  7  6  1  9  0 12  5 10 13  8],276,True,0.003
323,[14  0  4  2  3  1 12 10 13  5 11  8  9 15  7  6],335,True,0.004
324,[ 7 11 14  3 13  8 15  6  0 12  5  1  4  2 10  9],324,True,0.003
325,[ 5  9 11  8 13  2 10 12  6  7 15 14  1  0  4  3],274,True,0.003
326,[12  7  6  9 11 14  5  1 10 13  4  8 15  3  2  0],362,True,0.003
327,[15  5  6  7  3  2 14  9 10 11  8 12  4  0 13  1],234,True,0.003
328,[ 9  8  2  7 10  0 14 12  3  1 15 11 13  6  4  5],334,True,0.003
329,[ 3  6  5 10  4 14  1 12  0 15  7  8  9 11 13  2],336,True,0.003
330,[14  2  4  0  1 15 12  3  6  8  9 10 11  7 13  5],193,True,0.002
331,[ 1 15  2 10  7  9 14  0 12  5 13  4  8 11  6  3],262,True,0.002
332,[13  2  0  4  8 10  7 12  6 11  1 14  5 15  3  9],290,True,0.003
333,[ 5  7  9  8 14 13  2 15  6  4  3 10 12  1  0 11],265,True,0.002
334,[11  0  8 15  3  5  4  7 13 12 14  6  2  1 10  9],299,True,0.002
335,[14  2  5  7 10 12 15  6  1 13  0 11  4  9  3  8],288,True,0.003
336,[ 7  8  2 10  6 15  5  0 13  3  4 14 11  9  1 12],270,True,0.003
337,[ 8 12  6  3  0  4 15 13  2  1 10 14  7 11  9  5],261,True,0.002
338,[11  9 13 10  1  3 12  2  0 15  8  5 14  6  7  4],264,True,0.003
339,[ 6  5  4  7  0 12 11  8  2 13  1 15  3  9 10 14],257,True,0.003
340,[ 8  4  5  6 11  3 13  2  1 14 12  0 10  7 15  9],269,True,0.003
341,[13  2 12  9 14  8 10 11  5  6  3  7  4 15  0  1],255,True,0.003
342,[ 0 11  5 15  3  7  8 10  6 12 13  9 14  1  4  2],330,True,0.003
343,[ 8  9  5  2  7  3  4 13 14 12 10  6 15  1  0 11],247,True,0.002
344,[ 2 13 12  3  0  4  1  8  9  5 10 14 11 15  7  6],247,True,0.002
345,[12  6  7  0 10 13  2  4  5  1 15  9  3 11  8 14],277,True,0.003
346,[15 12  2 14  8  5  7  3  1  0 11 10  9  4 13  6],267,True,0.002
347,[15 12  5 14  6  9  4 10  1  2  7 13  0  3  8 11],277,True,0.003
348,[ 7  1 12 10 15  6  4  0 13  8  2  3  5 11  9 14],304,True,0.002
349,[ 6  7  9  0 14  8 12  5  4 10  3 13  2  1 15 11],259,True,0.002
350,[13 14  1  3 12  7  9 15  2  6  5 10 11  0  8  4],292,True,0.003
351,[ 7  2 12 11  9  3 15 13 14 10  8  0  1  5  4  6],255,True,0.002
352,[ 3 11 15  8 14  5  4  9  7 10  2  0 13  1 12  6],267,True,0.002
353,[ 1 13 14  8  7  5  0 12  9  2 15  3  6 10  4 11],281,True,0.004
354,[ 0  5  6 15  1 14  4  3 12  2 11  8 13  9 10  7],234,True,0.002
355,[ 2 15  9 10  4  3  5 14 11 13  8  1  6 12  7  0],228,True,0.002
356,[10  5  4  3  8 13 15  2  6 14  1 11  9 12  7  0],296,True,0.003
357,[13  2  8  4 15  6 11  0 12  3  9  1 10 14  5  7],278,True,0.003
358,[ 8  6 10  0  4 14  1 13  7  3 12 15 11  9  2  5],337,True,0.004
359,[13  1 14 15 11  9  7  5  4  2  3  6 12  8 10  0],284,True,0.003
360,[11  7  6 14  8  5 15 12  9 10 13  1  4  2  3  0],276,True,0.002
361,[12  8 13  6  2 11 10  3  0  4  7  9  1 15  5 14],212,True,0.002
362,[ 0  8  5  1  9 15 12  4  7 13  2 10  3  6 11 14],308,True,0.002
363,[ 5  7  0 15  2  3 12 10 11  9  8  1  4 13 14  6],272,True,0.002
364,[12  5 14  8  4  6  7  0  2 11  1  9 13  3 15 10],286,True,0.003
365,[ 9 14 15  7  2  0 10 13 12  8  3  1  5  4 11  6],302,True,0.003
366,[ 5 12 13  1  2  7  6  8  9  4 15  3 14  0 10 11],292,True,0.002
367,[ 7  3  0 14  6 13 12  1  9  5 11  2 10 15  8  4],276,True,0.002
368,[11 14  0 12  4  8 10  1  3  6  9  7  2 15 13  5],296,True,0.003
369,[14 15  8  3  5 11  9  2  4  7  1  0  6 10 13 12],317,True,0.003
370,[ 5  3 10  2  4  8 14 11 12 15  9  0  6 13  7  1],281,True,0.003
371,[15 10  4 12  0 14  1  9  6  3  8  2 13  7  5 11],285,True,0.003
372,[12  7  0  3  1  2 14 10  8  5  9 11 13  6  4 15],236,True,0.002
373,[ 1 11  4  7 15  6 14  2  8  3  9  5 10 13  0 12],327,True,0.003
374,[ 4  7  1 15  8  6  3  0 13  2 10 12  5  9 11 14],240,True,0.002
375,[13 12  8  7  3  2  0 10  5  4  1  9 15 14 11  6],265,True,0.003
376,[14 10  9  3  5  6  4  0  1  8 12 11  7 15  2 13],226,True,0.002
377,[10  9  7  5  1  6  8  4 15 13  2 11 14  3 12  0],330,True,0.003
378,[ 3 12  8  6  1 15  0 13  2 11  9  4 14  7  5 10],257,True,0.002
379,[10 12  2 15  8 14  4  9  5  6  1  0 11  3  7 13],287,True,0.003
380,[ 0  7 10  9  4 11  6 13  5 15  8 14  1  2 12  3],272,True,0.003
381,[13 15 12 11  2  9  6  8 10  5  7  0 14  1  3  4],249,True,0.002
382,[ 5  4  2 15  0 10  9 13  8 14  1  6  3 11 12  7],285,True,0.003
383,[12  4 13 14 15 11  7  2  8  6  0 10  5  9  3  1],292,True,0.002
384,[15  2  5 14 12  0  3  8  4  6 11 10  7 13  9  1],336,True,0.003
385,[14 10  0  9 13  4  2 11  6  7  3  8 12  1  5 15],252,True,0.003
386,[ 2 15  8 14  4  0  3  6  1  9 10 12  7 11 13  5],242,True,0.002
387,[ 7  8  9  1 13  6  5  4  0 15  2 10  3 14 12 11],236,True,0.002
388,[15  3  6 14  4 11 10 13  1  9  7 12  2  5  0  8],271,True,0.003
389,[15 14  4  8  1  9  0  7 11 13  2 12  6  3  5 10],275,True,0.002
390,[13  4  6 10  9  1  2  8  0 12 15 11 14  3  7  5],304,True,0.002
391,[ 2 10 11  8 14 15  3 13  6 12  9  5  7  4  0  1],299,True,0.00299
392,[ 0 10  2 12  3 15  9 13 14 11  6  4  7  8  5  1],306,True,0.003
393,[14  4 12  9 10  7  6  3  5  2  8 13 15 11  0  1],237,True,0.002
394,[ 2  0 10 15 11  1 14 12  8  3  7  4 13  6  5  9],249,True,0.002
395,[14  4  6  1 11  9  7 10  8  5 12 13  0  3 15  2],271,True,0.003
396,[10  0  2 14 15 11  6  3 13  5  7  9  1  8 12  4],263,True,0.002
397,[12  4 15  0 11  8  1  7  3  5  2  6 10 13  9 14],317,True,0.003
398,[ 7 10  2 15 14 13  9 11  0  6 12  3  5  8  1  4],300,True,0.003
399,[ 6  9 12 10 15  1 11  3 14  2  0  4  7  8  5 13],314,True,0.003
400,[13  4  3 10  8  9  0  6 11  1 15 14 12  5  2  7],271,True,0.003
401,[ 8  0  9  6 11 15  7  3  1  5  4 13  2 10 12 14],295,True,0.003
402,[ 0  5  3  7 14  2 11  6  9  4  8 12  1 15 13 10],304,True,0.003
403,[15 14 11 13  1  8  9 12  3  2 10  6  4  0  5  7],306,True,0.002
404,[ 0 10 14 12  9 13  6  8  7  4  2  5 15  1  3 11],318,True,0.002
405,[ 4 13 12  9 15  1  7  3  2 10  5 11  0 14  8  6],295,True,0.003
406,[ 6 10 15 12  8  0  3 11  1  5  2 14  7  9  4 13],214,True,0.002
407,[ 3  6 12 11 15  5  8 13 10  1  4  0 14  7  9  2],311,True,0.003
408,[ 2  8 14 13  9  1 10 11  5 12  3  4  0  7 15  6],281,True,0.002
409,[11  8 13  3  4  2  1 10  6 12  7 15  9  0 14  5],308,True,0.003
410,[ 6 14 13 11  5  1  4 10  0  7 12  8 15  2  3  9],280,True,0.003
411,[ 8 10  0  2  3  7  9 14  6  5 11  4  1 15 13 12],284,True,0.003
412,[11  9 14  8  0  4  6  7  1  3 12 10 15  5 13  2],315,True,0.003
413,[15 11  5  8 14  6  7  2  4 12  3  9  1  0 13 10],308,True,0.003
414,[ 9  6 12 15  0  1  3 11  8 14  5  7 10 13  2  4],289,True,0.004
415,[13  7  3 15  6  9 10  4  1 14 12  5  0  8  2 11],279,True,0.003
416,[15  3  8  7  1  5  4  6 14 12 10  0 13  2 11  9],239,True,0.003
417,[ 8 11  2  1  6  3 14 10  4 13  7 15  5  0 12  9],300,True,0.003
418,[ 4  6  0 15 11  8  2  9  1  3  5 12 14 10  7 13],262,True,0.003
419,[15 14  1 13  6  0  3  5  7 12  8 10  2  9 11  4],240,True,0.002
420,[ 4  7  2  8 14  9  5  0 15 10 13 12  6  1 11  3],258,True,0.003
421,[ 0  8  2 13  4  7  1 10  6  5 14  9 11  3 12 15],278,True,0.003
422,[14  0  7  4  6  9 10 13  3  1 15  8 12  2  5 11],251,True,0.002
423,[10  4 13 12  8  5 15  9  3  2  7  0  1  6 14 11],219,True,0.002
424,[11  8  7 14  6  4  9 10  1  2 13  0  3 12  5 15],257,True,0.003
425,[10 14  4  3 15  8  5  9  1  6  0 13  2  7 12 11],262,True,0.003
426,[ 7  1 10  0 13  8 15  6  9 11 14  5  2  3 12  4],317,True,0.002
427,[ 6 14  8  7  9  1  3  5  2  4 11 10 13 12  0 15],303,True,0.003
428,[15 13 14  1  3  8  6  7  5 12  4 11  0  9  2 10],299,True,0.003
429,[ 6  3  1 14  2  7 10  9  0 15  5  4 11  8 13 12],268,True,0.003
430,[ 6  2  8  1  0  9 13  3  4 10  5 14  7 11 15 12],257,True,0.003
431,[ 2 14  6  4  1 12 11 15 10  5  9  3  0  7  8 13],241,True,0.003
432,[ 2  9  0  8 13  5  7  3  1 15  6 11 12  4 14 10],274,True,0.003
433,[ 8  9 12 10 14 11  0  2  5 13  7 15  1  4  3  6],293,True,0.003
434,[ 0  7  9  2 12  3  4 14  6  1 11  5  8 10 15 13],264,True,0.003
435,[ 3 13 15  7 11  9  1  2  5 12  8  0 14  4 10  6],249,True,0.003
436,[ 3  1 14  9  5 10  2  6 12  8 11  0  7  4 15 13],317,True,0.003
437,[14  2  3 13 12  4  9  7  1  0  8 15  6 10  5 11],183,True,0.002
438,[12  0  1  7  2  5  8  6  9 10 11 14 15  4 13  3],293,True,0.003
439,[ 9  8  5 11 15  2 12  0  1 13  4  6  7 10  3 14],242,True,0.003
440,[14  5  8 12  2  7  3  0 13 10  4  9  1 11  6 15],246,True,0.003
441,[12 10  1 14 13  9  5 11  6  4  2  3  8 15  7  0],252,True,0.002
442,[ 3  2  1  0 13  8 15  7 11 10  4  9  5 14  6 12],281,True,0.002
443,[11  3  8 15  9 13 12  2  5 14  7  1  0  6  4 10],309,True,0.003
444,[14  0 11  2  5 15 13 10  3  6  9  7  8  1 12  4],281,True,0.003
445,[13  8 14  7 12 15  2  1 10  6  5  3 11  9  4  0],254,True,0.003
446,[ 3  7 10  8  6  1 14  0 12  2 11  9  5 13  4 15],258,True,0.003
447,[11 13  3 14 10  7  6  1  2  8 15  5 12  0  9  4],282,True,0.003
448,[11  4 13 10  0 14 12 15  5  7  3  6  1  9  8  2],261,True,0.003
449,[ 1 14 10  3  2  8 12 11  5  0 13  9  6  7 15  4],315,True,0.004
450,[ 0  3  7 11 15  9  6 14 13  1  5  2  4 10 12  8],282,True,0.002
451,[ 7  2  4 11 14 12  8  6  0 13  9 10 15  5  1  3],298,True,0.003
452,[ 1  7 10  0 14 11  3 15 13  4  2  9  5  6  8 12],385,True,0.004
453,[ 1 13  6 10  3  7 11  8  2  9  5 15 14  4 12  0],288,True,0.002
454,[ 8  4 14 10 12  7  6 11 15  1  2  0 13  3  5  9],317,True,0.003
455,[ 3 10  9  7  2  4  6 14 13  1 12  0  8 15  5 11],229,True,0.002
456,[ 9 11  7 14  2 12  6  8  4  3  0  5 10  1 15 13],200,True,0.002
457,[ 1  3 11  0  4 12  5  9 14 10  2 13 15  7  6  8],297,True,0.002
458,[15  3 13  9  6  0  7  2 10  5 14  4 11  1 12  8],268,True,0.003
459,[13  2 14  4 12 15  8 11 10  0  9  5  6  1  3  7],263,True,0.003
460,[ 7 15  2 12  0  9  6  3  5  1 13 10  8  4 14 11],261,True,0.003
461,[ 9  5  7  8  3  2  6  4 15 10 13 11 12  0  1 14],268,True,0.003
462,[ 7  3  5  1 13  6  8  4 15 10  0 11 14  9 12  2],258,True,0.003
463,[15 11  8  9  7  0  3  1  2 13 10  4 12 14  5  6],244,True,0.002
464,[11  7  2 10  3  9  5 15 14 13  6  4 12  0  8  1],278,True,0.003
465,[13  9  3 15  1 10 14  2  4 12 11  0  8  5  6  7],275,True,0.003
466,[14  9 11 13  3  4  5  1  6  8 12  7  2 15  0 10],243,True,0.002
467,[14 12  8 15  0  7  5  4 10  1 11  2  3  6  9 13],275,True,0.003
468,[ 8  9 13 10  7 11  0 15  6 14  4 12  3  5  2  1],287,True,0.003
469,[ 0  1 13  5 12  4  9  7  8  3 15  2  6 11 10 14],284,True,0.003
470,[12  9 13  1  6  8 14  3 10  2  7 11  4  5  0 15],335,True,0.004
471,[13 12  8 15  4  1  9  6  3 14  7 11  2 10  5  0],252,True,0.00201
472,[ 6 12 13  0  1  4  3  2  5  9  8 14  7 11 10 15],261,True,0.002
473,[11 12  3 10  2  4  1 14  6  8 15 13  9  5  7  0],220,True,0.003
474,[15  3  5  4  1  8 14  6  0  2  9 11  7 13 12 10],282,True,0.003
475,[ 9 14 15  1  8 10  6 13  4  2  7 12 11  3  5  0],256,True,0.003
476,[ 8  7 12 13  9  0 10  3  4  2 11  1 14 15  6  5],236,True,0.003
477,[ 6 11 15 13  7  4  0 14 12  5 10  3  1  9  8  2],271,True,0.003
478,[13  8  4  6  2  0  5 14 15  1  7 10  9  3 12 11],254,True,0.003
479,[12 13  3  0  1  8  7  5  4 14 11 15  6  2 10  9],321,True,0.002
480,[ 9 14  6  8  0  1 10  2 15  3 13  7  4 11 12  5],319,True,0.003
481,[15  9  8 14  5  3 13 11  2  1  4  7  6 10  0 12],287,True,0.002
482,[13  7  1  8 10 12 11  4  0  5 14  9  6  3 15  2],320,True,0.003
483,[ 5  8  3  9 15  1  2  7 10 12  0  6 13 14  4 11],274,True,0.002
484,[11  7  1 14  8  9 10  0 13  3 12  6 15  4  5  2],312,True,0.002
485,[ 3 13  1 15  7  5 10  8 11  4  2  9  6  0 12 14],304,True,0.002
486,[ 6  3 15  5  2  7  9 13 10 11  0  4 12  1  8 14],266,True,0.003
487,[14  7  8 10  3 11  2  6  9  5  1 15  0 13  4 12],323,True,0.003
488,[ 7 14 13  0 11  6  8  2  9  1  4 10  5  3 12 15],291,True,0.003
489,[ 9 11  1 13  5 12  4 10  8  2  6  0  7  3 14 15],283,True,0.003
490,[11  4 14  6  5  8  1  2 15  7  3  0 12 10  9 13],255,True,0.003
491,[ 9 12  0  1  2  3 13  4 10  5  7  8 15 11  6 14],268,True,0.003
492,[ 1 12  5  4 10 15 14  3  9 11  8  2  0 13  6  7],297,True,0.002
493,[ 0 15  9  7 10  5  8 12 11  6  1 13 14  3  4  2],350,True,0.003
494,[ 5  4  1 10  2 14  6  9 12 13  3 11  7 15  8  0],312,True,0.002
495,[ 6  5  2 10 14  8  1  3  4 12  0 13  9  7 15 11],284,True,0.002
496,[13  6  7 10  5  2  3 12  1  9  0 11 15  4  8 14],260,True,0.003
497,[10 14  4 13  2  7 12  5  9 11  8  6  3  1 15  0],236,True,0.002
498,[ 7  9 14  3 11 12  0  1  6 13  8 15  4 10  2  5],285,True,0.003
499,[ 6 14  5  0  2 12 10  3 13 11  4  8  7  9  1 15],265,True,0.002
500,[12  6  0  9  4 14  2 15 11 13  7  5 10  8  3  1],232,True,0.002
501,[ 5  1  8  2  3 15  9 10  7 12 14  0  6  4 13 11],319,True,0.003
502,[13 14  8 11  4  6  5  1  2 12  0  3  7  9 15 10],266,True,0.004
503,[11  6  2  3  1 10 15 14  5  9  0  8 12  7 13  4],230,True,0.002
504,[ 5  1  4  7 10  2  8 11 13  9  3 14 15  0 12  6],254,True,0.002
505,[ 4 10 13  1 12  9  3 14  8  0 11 15  6  7  5  2],291,True,0.002
506,[ 5 14  4  1 13  7 12  3 11  8  6 10  0 15  9  2],301,True,0.003
507,[ 5  7 15  9 11 12 13  8 14  6  3  4  0  1 10  2],307,True,0.00301
508,[11  8  2  3  0  1  9 10 13 14  4  6 12  5  7 15],255,True,0.002
509,[13 14  4  7  1  6  9  5 12  0 11  2 10 15  8  3],273,True,0.003
510,[15  7 10  3  4 12  1  6  5  8 14 11  9  2 13  0],326,True,0.003
511,[ 6  1 12  2 14 13 15  9  4  3 11 10  5  7  0  8],273,True,0.00299
512,[ 6 11  7  8  0  2 14  5 12 10 13 15  4  1  9  3],309,True,0.003
513,[ 7 12  2  6  1  8 14  0 13  3  5 11  4 15 10  9],278,True,0.002
514,[ 5  8 10  2  9  3 13  6 15 12 11  4  0 14  1  7],249,True,0.002
515,[ 2  4  8  1 15 10  5 11 13 14  6  9  3 12  0  7],233,True,0.00199
516,[12  3  0  4  9  2  5  6 14  7 15  8 11 13  1 10],270,True,0.002
517,[10  2 15 14 12  7  8  4 11  5 13  3  0  6  9  1],277,True,0.00198
518,[14 13  8 11  5  4  1  6  7 15  9 12 10  2  3  0],280,True,0.003
519,[ 4  3 15  7 12  5  6 10 11 13  8  0  9  1  2 14],265,True,0.002
520,[ 4 11  1  7  6  9 13  2 14 15  5 12  8  3  0 10],295,True,0.003
521,[ 3  0 15 13  6 12  5 14  1  4 11  2  9 10  8  7],215,True,0.002
522,[15 14  8 13  5  1 11  4  7  9 10 12  0  2  3  6],263,True,0.003
523,[12 15  9  0  1  7  3  8  5  4  6 13  2 10 11 14],363,True,0.004
524,[ 5  7 15 12 13  8  3 10  0  9  1  4  2 11  6 14],268,True,0.003
525,[13 15  3  1 10  9  7  5 14 11  0 12  6  4  2  8],312,True,0.004
526,[ 7 13  4  5  1 12 10 14  8  0  3 11  2 15  9  6],263,True,0.003
527,[ 8 11  3  0 13  9  5  2  1  6  4 15 12  7 14 10],255,True,0.003
528,[14 11  8  1 13  6 10  5  7  0 15  3  2  4  9 12],267,True,0.003
529,[10 11  1 15  5 12 13  6  0  2  7  8  4 14  9  3],284,True,0.002
530,[ 3  8 11 14  4  5 13  7  1  6 10 15  9 12  0  2],301,True,0.002
531,[ 1 15 12  9  0 13 11 14  2  4  3  8  5  7  6 10],309,True,0.004
532,[ 7 10  4 14  6  0 11  2 15 13 12  8  9  5  1  3],288,True,0.003
533,[14 11  2  5 15  6  4  9  3 10  1  0  8 13  7 12],265,True,0.003
534,[12  3  2 15  5 11  8  0  9  7  4 10 14 13  6  1],252,True,0.002
535,[15  5 12 13 11  7  4  2  3  1  6 14 10  8  9  0],320,True,0.003
536,[10  8  1 14  3 12  7  0  4  6 11 15  9  5 13  2],296,True,0.003
537,[ 9  4 11  8 13  7 14  1  6 10  5  0  3 12  2 15],269,True,0.003
538,[ 0  2 10  7 14  5 12  4  3 13 11  1  8 15  6  9],276,True,0.003
539,[12 14  9  4  1 11 10  0 15  8  2  3  5 13  7  6],312,True,0.004
540,[ 4  1 10 12 14  9  2  3  0  6  7  5 13  8 11 15],220,True,0.002
541,[ 1  9  2 11 12  6  5 13 14  4  8 10  7  0  3 15],246,True,0.002
542,[ 4  7  3  0  9 13 12  2 11 10  5 15  1 14  6  8],263,True,0.0029
543,[ 4  2 10 15 12  7  5  9 14  0  8 13  6  1  3 11],231,True,0.002
544,[13  5 12 10 11  1  8  0  2  7 14 15  4  9  6  3],272,True,0.003
545,[ 1  2  7  8  3 15 10  0  9 14 13 12  4  5 11  6],228,True,0.002
546,[15  8  3  4  6 10 13  0 14  5 11  7 12  9  1  2],250,True,0.003
547,[ 0 14 12  4  9  3  8  1  2 10 11  7  5 13 15  6],228,True,0.003
548,[10  4  2  5  9  0  1 12  3  8 13 14 11 15  7  6],284,True,0.004
549,[ 9  5 10  7  2 15 11  8  1 13  3 14  6 12  0  4],261,True,0.002
550,[14  5  7 15  4  8 10 12  1 13  6  2 11  3  9  0],242,True,0.002
551,[ 3  1 11 12  5 10  2  9  6  7 13 15 14  8  4  0],316,True,0.003
552,[ 9  4  1  5  8  7  3 12 14  6 11 15 10 13  2  0],296,True,0.003
553,[ 5  8 15  3 11 10  2  7  0  4  1  9 13 12 14  6],308,True,0.002
554,[ 2 15 14  1  4  8  0  7 11 12  6 13  5  9  3 10],293,True,0.004
555,[14 15 13  8  2 10  4  6  5  1  7 12  3  9 11  0],180,True,0.001
556,[ 5 10  9  6 14  7  4  2 12 13  8 11  1  0  3 15],322,True,0.003
557,[11  5 10  0 12 13  6 15  4  8  1  3 14  9  2  7],283,True,0.002
558,[ 2  3 15 14  4 10  8  1 12  9 11 13  5  6  0  7],263,True,0.002
559,[ 9  8 13 15  4 12 11  2 14  3  6  1  5  7  0 10],295,True,0.003
560,[15 13  5  7 12  2  3 11 10  1  6 14  0  8  4  9],271,True,0.002
561,[ 1  6  7 14 10  5  2  3 15  8 11 12  0 13  4  9],323,True,0.003
562,[12 15  9  2  3  6  0 14  1  8 13  5  7 10  4 11],249,True,0.002
563,[14 12 15 10  6  5  9 13  3  2  4  1  8  0  7 11],218,True,0.002
564,[ 8 14  6 12  5  0  1 11  3 10 15  2  7  4  9 13],272,True,0.002
565,[15  0  4 13  8  1 14  5  2  3  9  7 10  6 11 12],271,True,0.00301
566,[ 0 14 11  8  5  7  9 10 12 13  4  6  1 15  2  3],248,True,0.004
567,[13  4 10  2 12  3  9 14 15 11  0  5  8  6  7  1],272,True,0.003
568,[ 7 11  3  0  5  9 12 13  1  8 10  6 14 15  2  4],261,True,0.003
569,[12  9  4  0 14  6  5  1 10 11  3  2 13  7 15  8],291,True,0.004
570,[ 5 13  0  6  9  3  8  2 10 14  7  1 15 11 12  4],290,True,0.004
571,[12  5  9  0 10  2 13  3  1  6 15 14  8  7  4 11],251,True,0.003
572,[ 9 14 12  5  0  3 13  7 15  2 10  1  8 11  4  6],267,True,0.004
573,[ 9 15  5 13 12  8  4  0 10  3  1  7  2  6 11 14],268,True,0.005
574,[ 5 11  4 12  3  9  1 13 15 14  2  7 10  6  8  0],272,True,0.006
575,[10  8  2  6  1 14  7 12 11  3 13  4  9  0 15  5],242,True,0.003
576,[ 6 11  4  7  1  8 12  9  0 15  2  3 14  5 10 13],246,True,0.002
577,[ 3  7  9 14  4  5 15  6  0 13 11  8 12 10  2  1],298,True,0.003
578,[ 9 13 14 12  1 15  3 10  6  8 11  4  2  5  0  7],335,True,0.003
579,[ 4 12 14  1  2  5 11  8  9  7 13  0  3 15 10  6],295,True,0.003
580,[ 7  5 11 13 12  1  9 14  6 10  3  0  4  2  8 15],295,True,0.004
581,[ 8  7 12 11  5  0  4 14 15  9 10  3  2  1  6 13],296,True,0.004
582,[15  7  8 12 13  0  1  3 14 10 11  2  9  4  6  5],306,True,0.003
583,[ 0 10  3 13  6  9  4  5 14  1  2 11 12 15  7  8],312,True,0.002
584,[ 7  1  5  6 10 11  4 14  2  8  0  9 12  3 13 15],264,True,0.004
585,[ 8  3  2 13  0  6  9  4 15 14  5 11  1  7 10 12],247,True,0.003
586,[ 7 12  4 10  9 15 13  2  6  0  5 14  1  3 11  8],277,True,0.003
587,[ 8 13  2 11  0  5  3  1 15  6  9  4 10 14  7 12],261,True,0.003
588,[ 8  5 12 15  6  7  1 11 13  2  0  9  3 14  4 10],302,True,0.003
589,[12  6  2  1  7 13  5 11  4 10  8 14  0 15  9  3],337,True,0.003
590,[ 3  6 13  8 10  4  9  5  1 11 12  7  0  2 14 15],261,True,0.003
591,[ 6 14  1 15 12  2  5 10 13  4  8  3  0  7 11  9],277,True,0.002
592,[ 6 14  1 11  2 13  8  5 12 10  0  3 15  7  9  4],272,True,0.002
593,[12  4  1  7  5 11 13 15 10  0  6 14  8  2  9  3],315,True,0.003
594,[13  6 10  0  9  5  7  8 12  2 14  1  4 15  3 11],277,True,0.003
595,[ 2 13  9  3 10  7  1 15  6  4 12  8 11  0  5 14],282,True,0.003
596,[ 7 12 14 15  5  4 10  9  2 11  3  8  1  6 13  0],266,True,0.003
597,[13 14 11  6  7  9  1  8  5  2 10  0 15 12  4  3],353,True,0.003
598,[11 14  7 10  5  8  0  2  6  3 15  4 12  1  9 13],257,True,0.002
599,[ 0  7  5  6  4 12  8 11  3 10 13  2  1  9 14 15],250,True,0.003
600,[ 7  2 14  0  3  4  8 15  6  5 11 12 10  1 13  9],239,True,0.003
601,[ 6  1 11 12 13  5 14 10  2  7  9  0  4 15  3  8],333,True,0.003
602,[ 3 14 11  2  4 12 10  1  5  6  8 15 13  7  9  0],314,True,0.008
603,[14  7  8  2  1  4  9  5 11 13 10 15 12  6  0  3],311,True,0.009
604,[12 11  2  4 13  5  9  8 15  6  0  7  1  3 10 14],252,True,0.005
605,[ 7 14  4 15  6  8  1 12 13 10 11  9  3  2  5  0],232,True,0.004
606,[13  6 11  5  7 12  8  1 14 15  3  2 10  0  4  9],322,True,0.004
607,[ 9 12  1  5  8  2 13 14  7  6  0  3 11 15  4 10],314,True,0.004
608,[ 9  4  1  8  7 12 13  2  5 15 14 11  3 10  0  6],297,True,0.004
609,[11 12 13  0  9  1  5  6  8  7  4 14 10  3  2 15],313,True,0.004
610,[ 3  6 14 13 15  2 12  7  9  4  1 11 10  8  5  0],282,True,0.004
611,[ 0  2  7 14 13  3  6  9  8  5 10 12 11  1  4 15],262,True,0.005
612,[14 10 13  4  7  6 12 11 15  9  5  1  3  0  8  2],232,True,0.005
613,[ 6 10  9  8  4 14  5 13 12  3 15  2  0  7 11  1],287,True,0.004
614,[ 8  9 11 12 14  1 10  6 15  0  4  7 13  5  2  3],289,True,0.005
615,[14  9  8 13 11  1  3  7 12  4  6 10  0 15  5  2],287,True,0.007
616,[ 0 13 14  4  3  9  1 12 15  7  5 10  2 11  8  6],254,True,0.004
617,[10  4  8  2 14  9  7 12  3  0 11 15  1  5 13  6],303,True,0.009
618,[ 9 10 14  7 15 13  3  1 11  4  0  5  6 12  8  2],338,True,0.006
619,[ 8 10 13 12  6  1  7  4  2  0  3 14  9  5 11 15],299,True,0.004
620,[ 0  9 10 15  3  1  6 14  2 12  5 11 13  8  4  7],278,True,0.004
621,[10  3  6 15 14  4  7  5 13 12  0 11  1  9  8  2],274,True,0.003
622,[ 5  7  6  1  9  2  3 12 10 13  0  4 14  8 15 11],264,True,0.003
623,[ 1 14  0 10 11  6  5 12  9 13  4 15  3  8  7  2],292,True,0.004
624,[ 9  6  0  8 11  4 13 14 12  7  3  2  5  1 10 15],340,True,0.004
625,[ 4  5  3  0  7  2  6 14  1 15 11 12  9 10 13  8],241,True,0.003
626,[11  2 13 14  4  8  7  3 12 15  6 10  9  0  1  5],318,True,0.008
627,[12  7 14  3  5 13 11  4  0  6  2  1  8 10 15  9],298,True,0.005
628,[ 1  5 11 10 15  2  4  0  6  7 12 14  3  9 13  8],314,True,0.009
629,[ 9 13  3 10  0  8  2 14 11  1  6 15  7 12  5  4],307,True,0.007
630,[ 2  1  0  6 15 10  3 14 12  8 13  4 11  5  9  7],202,True,0.004
631,[11 10 13  3 12  0  8  7 15  2  9  1 14  4  6  5],284,True,0.004
632,[12  2 14 11 10 15  6  7  3  9  5  4 13  8  0  1],291,True,0.005
633,[10 11  5 14  0  4 12  6  2  3  9 13 15  1  7  8],209,True,0.003
634,[ 7 11 12  9 13  8 15  4 10  3  6  2  0  1 14  5],329,True,0.003
635,[12  6 15  3 13 11  8  5  7  0  2 14  1  9 10  4],297,True,0.005
636,[ 7  0  2 12 15 13  6 14 11  5  4  8 10  9  1  3],297,True,0.004
637,[ 9 12  1  8  0 13  2 14 10 15  7  5 11  6  4  3],283,True,0.006
638,[ 1 14 15  9 10 13  8  3 11  6 12  5  0  4  7  2],249,True,0.003
639,[ 9  8  4  6 10  2 14  7  5 11  0  1 12  3 13 15],266,True,0.006
640,[ 7  5  8  2  9 11  0  3 12  4 13  1 14 10 15  6],279,True,0.004
641,[11  4  7 13 15  3  5  8 12 14  0  9 10  6  2  1],252,True,0.003
642,[ 8 10 13  0  2 14  6  9 11  4  7 12  1  5 15  3],307,True,0.003
643,[ 5 15  4  0  8 13  3  9 10  7 12 14  6  2 11  1],303,True,0.005
644,[11  9  8  2 14 13  1  6 12  4  7  3  5 10  0 15],261,True,0.004
645,[14  1  0  3  4  8 13 15 10  5  2  9 11  6  7 12],332,True,0.009
646,[ 0  2  9  3 13 15  7  5 11  4  8  6  1 10 12 14],344,True,0.003
647,[13  7 10  5 14  0 15 12  2  3  4  6 11  8  1  9],236,True,0.003
648,[14  1  4 13  7  9  2  8 10  5 15  6 12  3  0 11],301,True,0.003
649,[14 11  5 12  9  0  2 13  3  6  8  1  4  7 15 10],304,True,0.003
650,[ 0  7 13 11  2  6  8 15  5  1  4  9  3 10 14 12],286,True,0.002
651,[ 9  2  8 12  7  6 15 13  4 14 10  1  3  5  0 11],291,True,0.004
652,[ 7  4  5 13  3 10 15  1  8  9  6 14  0  2 11 12],301,True,0.003
653,[14  5 13  8  9 15 10  1 11  4  3  2 12  7  6  0],344,True,0.004
654,[ 4  7 14  9  2  5  8 15  0  6 11  3 12 13 10  1],272,True,0.003
655,[ 8 14 13 11  6  3  7  9  0 12  4  5  2  1 15 10],218,True,0.002
656,[ 6  3  8 11  1  9 15  4 14  2 13 10  0  7 12  5],243,True,0.003
657,[ 5 13  7  3 11 10  2  9  0 12  4 14 15  1  6  8],292,True,0.004
658,[ 0  3 14  9  6 15  4  8  2 13 12  1 10  5  7 11],252,True,0.00299
659,[ 9  1  8 10 15  4  3 14 12  0 11  5  7  6  2 13],289,True,0.003
660,[ 6  0  7  5  3  2 12  8  4 11 15 13  1 10 14  9],271,True,0.002
661,[12  8  4  9 11  3  2  7 15 13  1 14 10  6  0  5],297,True,0.003
662,[ 9  0  3 15 10  1 12 11 14  6  7  4  8  5  2 13],329,True,0.003
663,[15  5 11 14  8  0  1  6 13  9  7  3  2 12  4 10],302,True,0.003
664,[10  2 12 13  4  3  9  8 15  0  7  5  1 14 11  6],185,True,0.001
665,[15  0  8 13  4  6 14  7  1 12 10  9  3  5  2 11],257,True,0.002
666,[ 7 13  5  3 12 11  9 15  2  4 14  8  0  6 10  1],257,True,0.003
667,[ 4  2 15  6 10 12  3  7  1 13  0  9 11  8 14  5],214,True,0.002
668,[13  9 15 11  3  1  2 12 14  0  6  5  4 10  8  7],301,True,0.003
669,[ 7 14  6 11 15  5  3  9  0  1  2  4 12 10 13  8],278,True,0.003
670,[14  3  9 11 12  2  6  5 10  0  1 15 13  7  8  4],267,True,0.003
671,[ 3 13  8 10  2  1 15  0  5  6 12 11 14  9  7  4],258,True,0.003
672,[ 2  9 15  3 10 13  8 12  4  6  5  7 14 11  0  1],263,True,0.003
673,[13  0  5 14 12  8 10  2  1  9  3  7 15  6  4 11],265,True,0.004
674,[ 5  7 10  6  1  9  8 14 12 13  0  4 11  3 15  2],284,True,0.004
675,[ 6  1  0  4  8  9 10 15  7 14  2  3 13  5 11 12],300,True,0.003
676,[ 4 11  7  8  0 14  5  3  6 13  1  9 12 15  2 10],323,True,0.003
677,[ 0  9  5 11  3  1  6 14 10  4 15  2 12  8 13  7],284,True,0.002
678,[ 3  6 12  8  2 11  5 14  7 13  4  1  9  0 10 15],242,True,0.002
679,[ 3  7 13  5  8  0  9  4 15  6 10 11  2 12 14  1],252,True,0.002
680,[ 9 13  0  5 11 10  1 15 14  7  2  4  8  6  3 12],332,True,0.005
681,[ 7  4 13  6 11  0 15  2  8  5 10  3  9 12 14  1],332,True,0.003
682,[ 1  6  0  9  8 11  2 15 10 14 12 13  7  4  3  5],272,True,0.003
683,[ 3 10  1  9  2  8 14  0  7 12  5 15  6 13  4 11],292,True,0.003
684,[ 2  0 15  4 13  1  9 11  8  3  5  6 14 10  7 12],289,True,0.002
685,[13  8  7  2  3  0 14  4 12 10 15  1 11  9  5  6],316,True,0.004
686,[ 0  4  1 14 15 12 13  3 10  8 11  7  2  6  5  9],244,True,0.004
687,[ 2 14 10  3  8  9  4  6 11 13  7 15  1  0 12  5],228,True,0.007
688,[ 0  6 14 13  7 11  2 10 15  3  4  9 12  5  8  1],336,True,0.004
689,[ 3  5 13  0 15  7 11  8  6  2  9  4 14  1 10 12],275,True,0.004
690,[10  2  6  8  1  0 14  3  7 13 11  4 15  5  9 12],192,True,0.003
691,[14  1  4 11  9  5  7  8 13 15  2  0  6 10  3 12],305,True,0.004
692,[ 8 12 10  2 13 14 15  5  6 11  3  7  1  4  9  0],274,True,0.003
693,[ 9 14 15  8  6  5  1  4 10 13  7 12  0 11  3  2],293,True,0.004
694,[13  2 15  5 11 12  6 14  9  3  1  4  7  0  8 10],298,True,0.003
695,[ 7 14  3 12  4  5  2  9 11 10  6  0 13 15  1  8],289,True,0.00499
696,[ 7 13  0  8  5  1 12  6 10  2 14  9  3 15  4 11],274,True,0.004
697,[11 12 14  7  3 15  8  2  5 13  0  4 10  9  1  6],264,True,0.005
698,[ 5  8 14  2  0  9  4 11 13  1 12  6  7  3 10 15],283,True,0.003
699,[ 3  6 14  0 11 13  7  4  1  5 15  8 10 12  2  9],283,True,0.005
700,[ 8 10 15  3  2 14  6  4  7  1 12  5  9 11 13  0],294,True,0.003
701,[15 12  1  8 11  2  3  7  5  0 13  6 10  9  4 14],337,True,0.003
702,[ 9  0  3 11 10  4  1  6  7 12 13 14  2 15  8  5],283,True,0.003
703,[15 13 10  1  6  8  7 11  9  0 12  4 14  3  2  5],281,True,0.004
704,[ 6  0  1 13  3  8 15  2  5  4  9 10 12 11  7 14],301,True,0.003
705,[ 0  7  6  8 14 15 10  9  2 12 11  3  5  1 13  4],260,True,0.003
706,[13  7  2 14  9 10  4 12  1  5 15  3  0  8 11  6],239,True,0.002
707,[14 10 12  2  4  6 15  3 11  5  9  0  8  7  1 13],279,True,0.003
708,[11  9  7  0 10  8  5 15  4  2 12  6 14  1  3 13],273,True,0.003
709,[13 14  8  2  5 12 11  7  6 15  3 10  9  1  0  4],265,True,0.003
710,[15  3  5 10  8  2  4  6 12 11  0 14  9  7 13  1],280,True,0.003
711,[11  4  1 12  7 10  8 13 14  0  9  6 15  5  2  3],295,True,0.003
712,[ 4  2  6 14  8  1  0  9 10  7 11  3 12 13 15  5],267,True,0.003
713,[11 10  5  6  9  3 13  0  2  7  8 14 15 12  1  4],318,True,0.003
714,[ 1  8  3 10  4 15 12  0  2  6  9 14 13 11  7  5],224,True,0.002
715,[ 0 12 13  4  7  5 15 10 14 11  8  6  2  1  3  9],224,True,0.002
716,[13  4  8 12  3 10  1  2  0  5 14  6  7  9 15 11],280,True,0.002
717,[10  5  1  8  9  4  3 14  6 15  2 12  0 13  7 11],315,True,0.003
718,[ 5  2 13  7  0 15 14  9  6  1  3 12 11  8  4 10],245,True,0.002
719,[10  0  5 14  1  4  6 12 11  3  8  7 15  9  2 13],205,True,0.002
720,[ 2 14 10  1  7  5  6  0  3  9  8 13 12  4 15 11],276,True,0.003
721,[ 8  4  5  3 15 12  0  6 11 10  7 13  1  9 14  2],331,True,0.003
722,[12  7  1 15  8  9  4 14 10  5  0  6 11 13  2  3],316,True,0.003
723,[ 0  6  8  7  4 10 13  9 11 14  2  3 12  5  1 15],244,True,0.002
724,[15  5  9  6 10 12  7 14  0 13  1  2 11  3  8  4],314,True,0.003
725,[10 12 13  8 14  4  7  1 15 11  6  3  5  9  2  0],292,True,0.003
726,[ 0 10  8 11  9  5  3  1  4  6  2 15 14  7 13 12],266,True,0.002
727,[ 0  5  6  9  3  7  4 14 15 11 10  1  2 13 12  8],310,True,0.003
728,[11  5  0  4  9  7  3 13 10  2  8  1 14 12  6 15],282,True,0.003
729,[ 6  7  2  3  8 10 12  5  9 13  4  1 11 14  0 15],237,True,0.003
730,[ 2  3  0  8  9 11 14 13  4 10  1  6  7 15 12  5],254,True,0.002
731,[ 3  7  1 15  4  6 12 13  0 14  9 11 10  2  5  8],258,True,0.002
732,[12  3  9  6  8  2  4  0  5 15  1 13 11 14 10  7],302,True,0.003
733,[ 5  7 12  1 11  4 10 13  9 15  8  2 14  0  6  3],244,True,0.002
734,[ 4 11  8 10  5  3  0 13  6 12  9  1  2  7 15 14],275,True,0.004
735,[11  9  3  5  6  4  0  7  1  8  2 14 13 15 10 12],291,True,0.00299
736,[ 9  5 12 14 15  6  4  7 13  0  8  2  1  3 10 11],305,True,0.003
737,[ 8 12 14 10 11 13  3  7  6  4  1  0  9 15  2  5],289,True,0.003
738,[ 3 10  7 15 12  8  5 11  6  2  4  1 14  9 13  0],208,True,0.002
739,[ 7  6 14  9  0  5 10  4 11  8 12  1  3  2 15 13],259,True,0.003
740,[ 7  6 15  0  8  4  1 11  2 12  3 13 10  5  9 14],243,True,0.002
741,[13  6  7  8 10  4 14  0  9 15  5  1  3 12 11  2],244,True,0.002
742,[14  0 11 15 12  4  8 13 10  9  6  1  7  3  2  5],281,True,0.002
743,[ 1 13 12 11  9  4 15  8  3 10  5  2 14  6  7  0],332,True,0.003
744,[ 4 14  1  7 11  3 10  9 13  0  5  8 15  2  6 12],237,True,0.002
745,[11  0  1  7  6 15  4 13  8  9  2 10  3  5 14 12],267,True,0.002
746,[11  9  2  4  7  8  1 13 14 15  6  5 10  3  0 12],275,True,0.003
747,[14  0  6 12  5  8  4  2 10 13  1  3 15 11  7  9],279,True,0.002
748,[13  2  6 15  7  4 11  5  9 12  1 14  3  0  8 10],274,True,0.003
749,[ 2  9  3 13  5  7  4  0 15 11 14  8  1 10 12  6],268,True,0.002
750,[11  3 12  7 15  4  0 13  6  1  5 14 10  9  2  8],257,True,0.003
751,[ 3  8  5 13  6  1  7  0  2 14 10 15 12 11  9  4],276,True,0.003
752,[14  8 12  4  6  9  2 15  5 13 11  3  0 10  1  7],237,True,0.002
753,[ 3 10 11  0 14  1  4  2 12  6  9  5  7  8 15 13],291,True,0.003
754,[ 8 12  7  0  6 10  9 14  5  2 11  1  4 15  3 13],301,True,0.003
755,[14  7 11  6 10 15  4 12  1  3  5  8 13  9  2  0],252,True,0.004
756,[ 7  5 10  2  1  4 13 15 12  0  8 11  3 14  9  6],249,True,0.002
757,[12  2  1  0 14  4  8  9  5  3 13  6 10 11 15  7],257,True,0.002
758,[ 3  5  7 11  0 15  4 12  2 13 10 14  1  8  9  6],195,True,0.001
759,[11 12 10 14  0  6  2 15  3  8  5 13  9  1  7  4],335,True,0.003
760,[ 6 14  3  4 13 12 11 10  7  9  8  2  1  5 15  0],236,True,0.002
761,[ 8 10 12  3  6 11  9 13  0 14  7  2  5 15  4  1],286,True,0.002
762,[13  3  1 12  5  6 11 10 15 14  7  8  4  2  9  0],306,True,0.003
763,[10  6  5  7  9 14 11 13  1  8  2 12  4  3 15  0],320,True,0.003
764,[11 14  7  6  4 15 13  0 12  3 10  8  5  1  2  9],320,True,0.004
765,[ 2 13 14  1 11 15  5 12  0 10  7  4  8  9  3  6],280,True,0.004
766,[ 1 13  9 14 11  6  4  3 10  5  0  7  8  2 15 12],296,True,0.003
767,[ 5  2  9 15 12 11  0  8 14  7 13  1  6  4 10  3],247,True,0.002
768,[ 9 14  7 13  0  3  1 15  5  4  6 12  8 11 10  2],343,True,0.003
769,[ 8  2 14  7  1 10  6 12  5 11  0  4  3  9 13 15],252,True,0.002
770,[ 1 15  8 12  5 11 10  9  0 13  4  2 14  7  3  6],354,True,0.003
771,[14 11  8  4 15  9  7 12  6  2  1  0  3 10 13  5],261,True,0.003
772,[ 5  4  0  6 15  3  2 12 11  8 14  9  7  1 10 13],258,True,0.002
773,[10  7  0  8  4 11  3  9  6  5 15 13 12 14  1  2],296,True,0.002
774,[11  9 14  3  7  6 13  2  1  5  8  0 15 10 12  4],233,True,0.002
775,[10  0 11  2 13  4  5  3  1  7 15 14  8  9  6 12],257,True,0.002
776,[ 6  9  5  8  2  1  4 14 13  7 10  0 12 15 11  3],259,True,0.003
777,[11  0 14  8  9  5  1  3  7  4 10 15  6  2 13 12],287,True,0.003
778,[ 6 13  0  9 11 15  7 14  8  4 10  2  3 12  5  1],322,True,0.003
779,[14  4 15  6  5  0  3 11 10  9  7  1 13  2 12  8],270,True,0.004
780,[14  4  8 13  2  0  1 15  7  3 12  9 11 10  5  6],168,True,0.002
781,[ 8 14 15 10 11  3  6  5  9  7  0  2 12 13  4  1],288,True,0.004
782,[11  7  9  4  5  2  0 14 15 10  8 12  3 13  6  1],289,True,0.003
783,[ 5  8  4 12  2 11  3 14 15  6  7  1  0 10  9 13],295,True,0.003
784,[14 11  7  3 10 15  0  2  6 13  9  8  1  5 12  4],279,True,0.003
785,[ 4 10  6  3 12  1  7 15 11 13  2  9  8  5 14  0],300,True,0.003
786,[ 1 14  6  2  9  0  5  4 11 15 13 12  7  3  8 10],294,True,0.004
787,[ 7  3  1 15  2 10 11  8  0  5  9 14 13  4 12  6],256,True,0.003
788,[12 14  2  8 11  6  0  1 13 15  5  3  9  4  7 10],257,True,0.003
789,[12 11  5 13 14  3  4  1  7 10  9  0  2 15  8  6],263,True,0.003
790,[ 8 15  1  0  9 14 12  5 11  4 10  6  3  7  2 13],345,True,0.004
791,[ 2  7  6 13  0 14  3 11  4  1  9 10 15  8  5 12],277,True,0.003
792,[ 7  8  3  9 13 12  0 14  1 15  5  2 11  6 10  4],281,True,0.003
793,[12 10  6  7  0 13 14  3  8  5  1 15  9 11  4  2],323,True,0.003
794,[10 13  6  1  5  2 14 11 12  7  9  4 15  8  0  3],239,True,0.002
795,[ 9 14  4  3 13 12  7 15  8  0  2  1 11  5  6 10],281,True,0.003
796,[ 2 11  5  6  3 13  1 10  0  4  9 12  8 14 15  7],260,True,0.003
797,[ 1  5 11  3 14  4 13 12  2  7  8  0  6 15  9 10],291,True,0.003
798,[11  3 14  8  6 12  2  4 10  7 15  9  0  1  5 13],275,True,0.003
799,[ 4 12 15  2 14  0  8 10  7  9  6 13  5  3 11  1],292,True,0.005
800,[ 0 10  5  4 14  7 15 11  9  1 13  8  2  6  3 12],248,True,0.003
801,[ 3  7  1  2 11 13  5 12 10  9  6 15  0  8  4 14],317,True,0.004
802,[ 8  7 12  3  9 11 10  5  6  0 15  2  4 14  1 13],275,True,0.003
803,[ 0  3  5  4  8  6 11 12 13  1 10 15  2  7  9 14],294,True,0.003
804,[ 1  7  9 12  8 11  6 10  5  3 15 14  0 13  4  2],249,True,0.003
805,[14  6  4  3  0 12  1  2  5  7 11  8 13 10 15  9],257,True,0.003
806,[ 9  6  7  5  1 12  2 13  8  3  4 14 15 11 10  0],298,True,0.004
807,[ 8  0  2 14  4 10  1  9 12  6  7  5 13 11 15  3],291,True,0.003
808,[ 9  8  3 12 10 15  1  4  6  0  2  5 11 13  7 14],249,True,0.003
809,[ 2  4 14  0 15  1  6 11  7 13  8  3  5  9 10 12],203,True,0.003
810,[12 10  2 13  9  4  8  6  3  1 11  7  5  0 15 14],350,True,0.003
811,[15  4  2 10  7 14  1  5  8  9 13  0  3 12  6 11],293,True,0.003
812,[ 5  4 12  2 11 14  9 13  0  1 10  3 15  7  6  8],302,True,0.004
813,[15  9  4  1 12 10 13  0  8  3 11  5 14  6  7  2],282,True,0.002
814,[ 3 13 12 15  8  2  6  7 14  1  4  9  5  0 10 11],242,True,0.002
815,[13  0 11 10 15 12  3  1  2  7  8  6  4  5  9 14],303,True,0.003
816,[ 8 11  6  1  3  4 14 15  7  2  0 10 12  9 13  5],270,True,0.003
817,[12  6  3  9  8 10  4 15 11  1 13  2  7 14  5  0],252,True,0.002
818,[ 5 14 13  9  8 12  7 11  3 15  1  6  0  4 10  2],339,True,0.003
819,[ 5  1  7  8 11  2 14 10  9  0  4 13  6 12 15  3],287,True,0.003
820,[ 5  9 13  6  7  0 15 10 11  3  4 12  1  8  2 14],326,True,0.003
821,[ 9  8 12 13 15 10  3  4  2  7 11  1  6  5  0 14],231,True,0.002
822,[ 5  0 14 11 12  7  2  9  4  3 13  1 10 15  8  6],287,True,0.004
823,[14  7 15  0 10  8  6  1  9 12  3 11 13  5  4  2],275,True,0.003
824,[11  9  0  7  8 12  6 10  4 14  2  3  1 13 15  5],274,True,0.003
825,[15 13  5  8 10  7  0 12 11  3  2 14  6  4  9  1],293,True,0.003
826,[15  3 12  4  2  8  7  6 13  0  5  1 14 10 11  9],223,True,0.002
827,[ 8 15 13 12  9  3  0  6  5  2  1  4 11  7 10 14],331,True,0.003
828,[ 3  5  9 12  0 14  1 15 13  8  4 11  7  2  6 10],297,True,0.002
829,[ 3  2  0 11 15 10  9  7  6 13  5  4 12 14  8  1],254,True,0.002
830,[14 15  3  6  8  1  0 11  5  9  7 13  2 10 12  4],285,True,0.003
831,[ 9  0 14  5 11 10 15  2  6  4  1 12  7  8  3 13],383,True,0.003
832,[14 13  9  6 12  2  4  1  5 10  8 11  3  0  7 15],298,True,0.003
833,[ 8 14 11  2 15  9  0 10  6  3 13 12  7  1  4  5],287,True,0.003
834,[ 2 10 14 11 15 12  7 13  6  5  8  3  9  0  4  1],216,True,0.002
835,[12 13  9  6  5  1 11  7 14  8 15  3  0 10  4  2],275,True,0.004
836,[ 5  6 12 11  0  3  1  9 15 14  2 10  7  4  8 13],309,True,0.003
837,[ 4 11  7  8  9  2 15  6  0  3  1 10 12 13  5 14],286,True,0.003
838,[ 1  8  2  0  5 10 11  7  3  4  9 12 15 13  6 14],253,True,0.003
839,[10  5  1 12 11 13  8  3  6 15  4  2  7 14  0  9],263,True,0.002
840,[ 3  7 10 14  9  1 12  6 15 13 11  2  5  8  0  4],253,True,0.003
841,[10 11  2  1  4  3  0 15  5  9 13 14  7  8 12  6],331,True,0.003
842,[ 9 10  1 15 12  3 14  6 11  5 13  2  7  8  0  4],343,True,0.003
843,[13  5  9 14 15  4 11  1  3 12 10  8  6  7  2  0],334,True,0.002
844,[12  5 10  7  9  0  6  3  1  2  8  4 15 14 11 13],292,True,0.003
845,[15  1  4  2  0  3  9 13 14  8  7  5 11 12 10  6],289,True,0.003
846,[ 5  3  0 11  6 14  8 10 13  4  2  7 15  1 12  9],210,True,0.002
847,[ 2 11 10  3  7  0 14 15  4  1  9  8 12  5 13  6],236,True,0.002
848,[ 6 10  9  7 11  2 14  0 15 13  5  3  4  1 12  8],300,True,0.002
849,[ 1  7  8 10  5 11  0  4 12 15  3 13  6 14  9  2],225,True,0.002
850,[15  3  9 10  1 14  8 13  2  0  5 11  6 12  7  4],255,True,0.002
851,[ 7  9 12 13 15 10  5  8 14  3  2  1  0  4  6 11],311,True,0.003
852,[10  2  6  5 13  4  7 15  8  0 12  3 11  1  9 14],297,True,0.003
853,[13 12 10  6 15  7  3 11  8  1  9 14  2  0  4  5],300,True,0.003
854,[12  6  1  2  7  5 13 14 11  0  9 15  8  3  4 10],261,True,0.003
855,[11 14 15 12 13  6  2  4  9  7  8 10  1  3  5  0],250,True,0.003
856,[14 13  3 11  6 10  7 15 12  4  9  0  8  1  2  5],291,True,0.004
857,[10  4  6 11  5  0  1  9  3 15 12 14 13  8  7  2],312,True,0.003
858,[ 2  6  9  1 13 10  0 15  8 11  5  3  4 12 14  7],287,True,0.003
859,[10  9 13 14  5  2  1  4  3  8 15 12  7 11  0  6],281,True,0.003
860,[ 2  9 15  1 12  5 14  7  0  8  3 10  4 13 11  6],262,True,0.003
861,[ 7 12  9 15  8  1  5  2  0 14  3 10  4 11 13  6],304,True,0.004
862,[ 9 13  5  0 12 10  7  4  6  3  1  8 11  2 15 14],315,True,0.003
863,[ 8 10 13  9  6  3 11  7 15  4  5 14  2  0  1 12],228,True,0.002
864,[ 1 12  7 14  9 15  6 11  0  3  8  2  5 13  4 10],324,True,0.004
865,[ 3  2  8 10  9  5  7 14  1 13  6 15 11 12  0  4],269,True,0.003
866,[ 8 14 10  7 11  5  3  0 12  9  1  6  4 15  2 13],314,True,0.003
867,[14  1  6  2  5 12 10 13  8 11 15  7  9  0  3  4],260,True,0.003
868,[14  4  1 10 13  3  7  5 15  8  2 11 12  0  9  6],264,True,0.003
869,[15 13 14  0  1 11  6 10  9  8  7  3  2 12  5  4],319,True,0.004
870,[10  4 15  2  0  1  3  6 14  7  9  5 13 11  8 12],273,True,0.003
871,[15  3  9  1  8  0  5 11 10  2 14 12  6 13  4  7],258,True,0.003
872,[10  1  7  5 14  9 11  0 13  8  2 15  6  3  4 12],368,True,0.005
873,[ 5 13 11  6  8  7  4  9 12  2  1 14  3  0 10 15],310,True,0.003
874,[ 1  5  4  9 14  8 15  7  3 11  0 12 13  2 10  6],318,True,0.003
875,[10 14 13  1  9  6 12  2  7  8  4 11  3  0 15  5],296,True,0.004
876,[14 15 10  5  1 11  4  6  9  2 13  3  0  7  8 12],299,True,0.003
877,[ 6 15  3 12  1  8  7  2 10 11  5  4  9  0 14 13],276,True,0.004
878,[13 10 11  8 14 12 15  7  1  2  0  6  4  9  5  3],302,True,0.005
879,[12 14  4 11  1  2  6  5  9  0  7  3 13 10  8 15],235,True,0.003
880,[11  5  1  8  6 10 14  0  3  2  7 13  4 15 12  9],304,True,0.002
881,[ 0 15  3  4  7  9  5  8 11 10 14  1 12 13  6  2],278,True,0.003
882,[ 8 10  4 12  7  1  3  5 15  0  9 13  2 14 11  6],265,True,0.002
883,[10  2  6  9  7  3  1  8  5 11 12 14 15  4 13  0],242,True,0.002
884,[12  4  9  5  8 14  1  0 10 11  6 13  2  7 15  3],232,True,0.002
885,[ 1  5  2 13 15 10 11  6  0  9  3  7 12  4  8 14],284,True,0.003
886,[10  5  3 11 12 15  4  6 14  1  8 13  7  0  2  9],280,True,0.003
887,[14  3 15 11  7  5 10  6  2 12  0  1  8  4  9 13],172,True,0.002
888,[14  1  5 11  2 10  0 15  7  6  3  9 12 13  8  4],343,True,0.003
889,[ 7 10  2 14 11  5  9  1 13  0 12  4  8  3 15  6],249,True,0.004
890,[15  0  2  1  8  4 13 12  6  3 11  5 14  9 10  7],297,True,0.003
891,[ 5  8 11  0 12  1 13  3  7  2  6 14 10  9 15  4],321,True,0.005
892,[10  8  2  4  6 14  1 12  3 15  5 13  9  7  0 11],295,True,0.004
893,[ 0  1 14 13 15  7 10  5  6  4  2  8 12 11  9  3],284,True,0.003
894,[ 4  9 15  6 10 11  5 12  7  1 13 14  2  0  8  3],260,True,0.003
895,[ 8  6 14  7  4  1  5  0  3 10  9 12 11  2 13 15],348,True,0.005
896,[14 15  1 12  8 11  7  4  9  0  3 13  5 10  2  6],315,True,0.003
897,[10  0  6  4 11  1  5 14 15  7  9  3  2 12  8 13],309,True,0.003
898,[12  2  5  4  0  3 14 13  8  1 10  9  7 11 15  6],259,True,0.003
899,[14  4  6 13 10  1  5 15  0  8 11  7 12  3  2  9],296,True,0.003
900,[ 0 12 10  9  8  6  4  3  5 15  2 13 11  7 14  1],316,True,0.004
901,[ 8  2 10  4  1  9 15 13  0  7  5 14 11 12  3  6],262,True,0.003
902,[11  2 14  3  7 15  5 13  0  6 10  9  4  8 12  1],318,True,0.003
903,[ 3  2 15  0  8  7 14 10  1 12 11  9  4  5 13  6],245,True,0.003
904,[15 13  2  7 10  4  6  0  9 14  5  3 11  8  1 12],260,True,0.002
905,[ 2  5  7  8 12  1  3 10 13  4  9  0  6 14 15 11],267,True,0.002
906,[ 3  6  2 15  9  0  8  5 13 14  4  1 12 10  7 11],298,True,0.002
907,[ 5  8  9  0  6 10  7  1  3 15  4 13 11 14  2 12],315,True,0.003
908,[ 8  1 14  4 10  2  0 12  3  5 11  6  9  7 13 15],273,True,0.003
909,[12  2 13  3  7  1  9  4  0  6 14 11  8 10  5 15],226,True,0.003
910,[ 0 10  7 14  5  8  3  9  4  6  2 13 11 15 12  1],294,True,0.003
911,[10  7 15  0 14 12  4 11  6  1  9  8  3  2  5 13],269,True,0.004
912,[ 5 10  9  0  6  8  7  1 14  3 13 11 15  2 12  4],281,True,0.003
913,[11  9  6  8  3 10  4  7  5 15  1 14  0 12  2 13],267,True,0.003
914,[ 8 15  4  6  7 10 11  5  9  3  1  0  2 12 13 14],275,True,0.003
915,[ 9 12  4  2 11  1 14  5  3  8 10  7 13 15  6  0],310,True,0.003
916,[12  5  0  7  3 11  8  6 15 14  4  2  1 13 10  9],266,True,0.003
917,[ 2  1 13  7 11  5  3  9  4 10 15 14  6  8 12  0],294,True,0.003
918,[ 5  8  2  9 11  6  0  7 14 13 15 12  3  4  1 10],307,True,0.004
919,[13  3  8  7 14  4  2 15 11  0 10  9  5  6 12  1],289,True,0.003
920,[13  2 14  5  7  6 10 12 15  4  0 11  8  9  1  3],250,True,0.003
921,[ 3  7  1 12  0 10 11  4  9 13  2 14  5  8  6 15],289,True,0.004
922,[ 6  9 10  3  7  2 12  1 11  0  5  8 14 15 13  4],281,True,0.003
923,[ 9 11  0  6  3  2 15 13 12 10  7  5  1 14  4  8],244,True,0.003
924,[ 2 13  3  9 10 11  6  0 12  5  1  8  7 14 15  4],242,True,0.003
925,[ 5  4  8  0 15  3  7 12 13  9 11  2  6  1 10 14],271,True,0.003
926,[ 1  3  2  6  8 13 14  0 10  5 11  7  9 12 15  4],222,True,0.002
927,[ 8  4  2 10 13  1 15  6 14  0  7  5 11  3 12  9],297,True,0.004
928,[10 11  1  8  2 13  0  9 12  3 14 15  7  4  5  6],273,True,0.003
929,[ 4  1  6 10 12  7 11  8  9  3 14 13  2  0 15  5],270,True,0.003
930,[ 2 15 13  5  7  8  0  6  3  4 12 14  9  1 10 11],275,True,0.003
931,[11  4 13  1  7  2  6 10 12 15  5  0 14  9  8  3],231,True,0.003
932,[ 6 14 10  1  4  9  2 15  0  8 13  7 11  3  5 12],312,True,0.003
933,[ 6 10 14 11  8 12  9  7 13  1 15  2  4  0  3  5],322,True,0.003
934,[ 8 11 15  5 13  2  1 14  4  0  7 12  3  9  6 10],277,True,0.003
935,[11  9 10  2 15 14  4 12  1  3  0  7  5  6 13  8],306,True,0.003
936,[ 8  4 12  6  7  2 13  0 14  5 10  1 11 15  9  3],226,True,0.002
937,[13  2  0 11  4  1 10 12  8  6  5  7 14  3 15  9],290,True,0.002
938,[ 7 12  0  2 11  3 13  5  6 14  9  4 10  1 15  8],264,True,0.002
939,[ 9  5 14  4  7  2 11  1  0 15  3 10 12  8  6 13],316,True,0.003
940,[ 9 11  7 13 15  6  8  2  4 10  5 14  1 12  3  0],216,True,0.003
941,[ 4 15 10  2  9 11 12  3  5  6 13  1  0  8  7 14],337,True,0.003
942,[14  4  7 10  2  6 13  3 12  5 11  8  1  9  0 15],259,True,0.003
943,[ 7 15  8  6  3 13  1  5  2 11 14  0  4  9 10 12],247,True,0.003
944,[ 8  9 14  1 11  0 10 12  6  3  2 15  4  5 13  7],272,True,0.003
945,[ 0  3 11 12 10  1 14  8  4  9  2  6 15  5 13  7],250,True,0.003
946,[ 3 11  6 12 14  7  4  2  9 13  5  0 15 10  8  1],239,True,0.003
947,[ 7  8  1  0 15  9 11  2 10 12 14  6 13  3  4  5],309,True,0.003
948,[ 0 10  4  2  6  8  7 14 11  5  1 12  3  9 15 13],280,True,0.003
949,[ 5  1 12 10  0 11  6  8 14 15  9  3  7 13  4  2],279,True,0.003
950,[ 1  7  9 14 12  6  8  0 11 10  5  4  2 15 13  3],400,True,0.005
951,[ 5  1 13  0  8  2  6  9 15 10 12 14  3  4 11  7],307,True,0.003
952,[10  8  5  0  7  9  1  6 13  4 14 12  3 15 11  2],323,True,0.004
953,[ 0 11 15  3  4  2 12  8  9 13  6  5 10 14  1  7],262,True,0.003
954,[15 12  5 13  6  4  9  7  3  1 14 11  8  2  0 10],295,True,0.003
955,[14 11 12  6 15 13  1  2  9  7  0  3 10  4  8  5],284,True,0.003
956,[ 7 15 11  9  1  4 10 12  6  5 13 14  0  3  8  2],277,True,0.003
957,[13  4 12  6 11  3  7  2 15 10  8  1  9  0  5 14],216,True,0.002
958,[ 1  2 14 11 15 13 12  0 10  6  5  3  7  8  4  9],232,True,0.003
959,[ 1  4 10  9  7  5 13 15  2  6 14  3  8 12  0 11],287,True,0.003
960,[ 5  7  0  1  2 12 13  6 10  3  8 14  4 11 15  9],286,True,0.003
961,[ 2  1  6 12  3 15  4 10  5 14  8  9  0 13  7 11],253,True,0.003
962,[15 12  0 10  2  7  8  9  3  1  5 11  6  4 13 14],260,True,0.003
963,[ 0  1  5 10  6  8 12 15  4  7 11 14  3  9 13  2],338,True,0.004
964,[13 10  0  4  9 15  3  8  5  1  7  2 12  6 14 11],274,True,0.004
965,[ 0  2 13 11  1  6  9  4 14 12  3 10  7  8 15  5],264,True,0.003
966,[ 7  5 11  4  1 15  8  3  2  9 14 13 12  6 10  0],270,True,0.004
967,[ 7  9 11 12  8  4 10 14  5  3 15  6  1  2  0 13],275,True,0.003
968,[15  7  4  3  5  1 11 12  6  8 14  0  9  2 13 10],293,True,0.003
969,[ 8  6 15  2 10  5  4 13  9 11 14 12  7  3  1  0],316,True,0.004
970,[15  8  1  5  7  4 13  0 12  3  2 14  6 11  9 10],294,True,0.00601
971,[ 8  7  4  3 15  0 10  5  1  6 11 12 14  9  2 13],280,True,0.004
972,[ 7 15 11  0  6 13  2  5 12 10  3  9  8  1  4 14],285,True,0.003
973,[ 7  4 12 11 15  8  1 14  5 10 13  6  2  0  3  9],246,True,0.002
974,[ 8  4  5  3 11  6  7  1 13 10  0 14  9 15  2 12],248,True,0.003
975,[ 8 10 11  1  2 15  0  7 12  6  5  9  4 14 13  3],259,True,0.004
976,[14  6  4 10 11  8 12  0  3  9  7 13  5  1  2 15],300,True,0.004
977,[11  1 12  7  3 13 14  4  9 10  2  0  8  5 15  6],291,True,0.005
978,[ 1  5  0 10  3 13 15  9  6  8  7 12  4 14 11  2],304,True,0.005
979,[14  1  7  9  8  6 13 12 15  5 11  2  0  3 10  4],287,True,0.003
980,[ 4 12  5  6  7  1 14  3 15  8  2  0 11  9 10 13],335,True,0.004
981,[ 0  5 10 12  1  4  7  8 14  3 15  9  2 11 13  6],314,True,0.004
982,[ 8  6  9 13  1  3 11 15 10 14  0  7  5  2 12  4],284,True,0.003
983,[ 4 13 12  9 14  3 10  6  7  2 15  0  5 11  8  1],255,True,0.003
984,[15 10  0  7  3 14  1  6  4 12 11  9 13  8  5  2],332,True,0.004
985,[ 6  2 12  3  9  1  7  4 13 15  8  0 14  5 11 10],235,True,0.004
986,[13  5  7  3 14  0  8 15  6  9 11  1  2 12  4 10],284,True,0.004
987,[ 6 11 14  9  4 10  0  8 15 12  5  1  2  7  3 13],267,True,0.003
988,[ 2  1  0  7  5  9 11  3 10  4 14 13  6 12  8 15],288,True,0.003
989,[ 3  4  0  5 15  2 12 13  1 14  9  6  7 11  8 10],236,True,0.003
990,[ 5 15  6 14  9  2 11 12 13  0 10  1  7  4  3  8],299,True,0.003
991,[12  4 13  3  1 11  0  2  5  6  9 15  7 14 10  8],297,True,0.004
992,[ 7 11  4  6  2 14 12  0  8  9 13 10  3  5  1 15],248,True,0.003
993,[15 14  0  4  7  3  1  5  8 13 10  2  9 11  6 12],290,True,0.003
994,[10  0  7  1 11  2 15  8 12  3  5 14  9 13  4  6],283,True,0.005
995,[ 6  9  8 14 12  0 13 10  1  7  2 11 15  3  4  5],302,True,0.005
996,[15  5  2  6 14  0  1 10  3  4  8 11 13  9  7 12],342,True,0.005
997,[10  2  0  7  5  4 13 15  1 11  8  3  6  9 12 14],232,True,0.004
998,[ 3  4  8 15  6 13 12  0  9  2  7  1  5 11 10 14],270,True,0.004
999,[ 2  6 15 14  3  7  8  0  9  5 10  4 12  1 13 11],262,True,0.004
